{"type":"FeatureCollection","features":[{"type":"Feature","properties":{"district":"ampara","district_name":"Ampara"},"geometry":{"type":"Polygon","coordinates":[[[81.7079,6.5107],[81.7168,6.5279],[81.725,6.5369],[81.7239,6.5388],[81.7291,6.5481],[81.7284,6.5525],[81.7403,6.5699],[81.7387,6.5706],[81.7401,6.5742],[81.7629,6.5965],[81.7632,6.6019],[81.7606,6.6033],[81.7607,6.6086],[81.7716,6.6266],[81.7777,6.6469],[81.7763,6.6477],[81.7755,6.6525],[81.7727,6.6539],[81.771,6.6595],[81.773,6.6717],[81.7866,6.6934],[81.8002,6.7082],[81.8032,6.7243],[81.8011,6.7278],[81.8027,6.7336],[81.8122,6.7491],[81.826,6.7642],[81.8234,6.7751],[81.8246,6.7809],[81.8229,6.7836],[81.8203,6.7843],[81.8191,6.7884],[81.8241,6.8033],[81.8249,6.8097],[81.8234,6.8106],[81.8229,6.8137],[81.8268,6.8231],[81.8402,6.837],[81.8394,6.8398],[81.837,6.8406],[81.8359,6.8395],[81.8338,6.8413],[81.8323,6.8446],[81.8322,6.852],[81.835,6.8588],[81.8463,6.872],[81.8459,6.8825],[81.8443,6.8832],[81.8442,6.8871],[81.8483,6.8978],[81.8451,6.8992],[81.8454,6.9106],[81.8679,6.9724],[81.8655,6.9789],[81.8658,6.9853],[81.8724,7.0],[81.8731,7.0074],[81.879,7.0223],[81.8788,7.026],[81.8754,7.031],[81.8745,7.0364],[81.8712,7.0403],[81.8689,7.0489],[81.8668,7.0662],[81.8581,7.1005],[81.8587,7.1167],[81.8571,7.1215],[81.8609,7.1544],[81.8623,7.2266],[81.8648,7.2577],[81.8667,7.2691],[81.8698,7.2751],[81.8685,7.2795],[81.8668,7.2803],[81.8683,7.2923],[81.8658,7.3067],[81.8658,7.3244],[81.8606,7.3468],[81.8387,7.415],[81.8263,7.4304],[81.8234,7.4369],[81.8144,7.4804],[81.7935,7.4705],[81.7764,7.4819],[81.7607,7.4598],[81.749,7.4552],[81.725,7.4553],[81.7185,7.4466],[81.709,7.4371],[81.6982,7.429],[81.6905,7.4209],[81.6741,7.4139],[81.6727,7.4053],[81.6703,7.4012],[81.6636,7.3987],[81.661,7.4037],[81.6628,7.4141],[81.6596,7.4213],[81.6606,7.4473],[81.6573,7.4613],[81.6606,7.4725],[81.6541,7.48],[81.6545,7.4915],[81.648,7.5025],[81.6484,7.5105],[81.6459,7.5163],[81.6498,7.5225],[81.6496,7.5251],[81.6361,7.5192],[81.6192,7.5081],[81.5182,7.5087],[81.4943,7.5152],[81.494,7.5162],[81.4994,7.5198],[81.4992,7.5216],[81.452,7.5428],[81.4335,7.57],[81.4326,7.5742],[81.4336,7.5809],[81.4398,7.5957],[81.4427,7.5988],[81.4408,7.6064],[81.4475,7.6197],[81.4429,7.6338],[81.4456,7.642],[81.3834,7.6567],[81.3678,7.6673],[81.3637,7.6767],[81.3544,7.6881],[81.3532,7.6923],[81.3457,7.7024],[81.3387,7.7065],[81.332,7.717],[81.3287,7.7195],[81.3285,7.7299],[81.3261,7.7334],[81.2632,7.7358],[81.2585,7.7319],[81.2544,7.7308],[81.2532,7.7348],[81.2514,7.736],[81.2456,7.7388],[81.2413,7.7391],[81.2345,7.7261],[81.2337,7.722],[81.2347,7.7178],[81.2394,7.7134],[81.2379,7.7053],[81.2404,7.6951],[81.2365,7.6879],[81.2394,7.6798],[81.2383,7.678],[81.2298,7.6765],[81.2226,7.6721],[81.2196,7.6598],[81.2208,7.6537],[81.2179,7.6481],[81.214,7.647],[81.1979,7.6611],[81.1519,7.6796],[81.1471,7.6758],[81.1451,7.6763],[81.1176,7.6899],[81.1106,7.6977],[81.0984,7.7206],[81.0944,7.7252],[81.0687,7.7308],[81.0493,7.7188],[81.037,7.7199],[81.024,7.7231],[81.0108,7.7183],[80.9891,7.7217],[80.9918,7.7121],[80.9926,7.6987],[80.9875,7.6888],[80.9928,7.6777],[80.9947,7.6615],[80.993,7.657],[80.9817,7.6432],[80.9779,7.625],[80.9809,7.6199],[80.9847,7.6173],[80.9856,7.6112],[81.0074,7.6024],[81.0133,7.5959],[81.0147,7.5791],[81.0127,7.5686],[81.0155,7.5529],[81.0195,7.548],[81.0219,7.5419],[81.0295,7.5379],[81.0303,7.5313],[81.036,7.5258],[81.0368,7.5194],[81.0418,7.5053],[81.0464,7.5061],[81.0478,7.5044],[81.0526,7.5067],[81.0556,7.5061],[81.0584,7.5077],[81.0567,7.5104],[81.0587,7.5121],[81.0631,7.5124],[81.0648,7.5152],[81.0723,7.5142],[81.0731,7.5121],[81.0763,7.5121],[81.1132,7.5449],[81.1316,7.5562],[81.1595,7.5669],[81.1636,7.5699],[81.168,7.5706],[81.171,7.5692],[81.1789,7.5721],[81.1844,7.5718],[81.1879,7.5741],[81.1987,7.5644],[81.2015,7.5584],[81.2054,7.5554],[81.2039,7.5514],[81.2051,7.5403],[81.2072,7.5365],[81.2061,7.5287],[81.2068,7.5163],[81.204,7.5126],[81.2026,7.506],[81.1989,7.5009],[81.1983,7.4955],[81.2003,7.4882],[81.1986,7.4854],[81.2,7.4768],[81.1992,7.4715],[81.1925,7.4661],[81.1921,7.464],[81.1948,7.4598],[81.1897,7.4544],[81.19,7.4513],[81.1833,7.4474],[81.1826,7.4442],[81.1887,7.4383],[81.192,7.4233],[81.1943,7.4213],[81.1943,7.4124],[81.201,7.3963],[81.2013,7.3877],[81.1944,7.3853],[81.1937,7.3776],[81.1981,7.3754],[81.2037,7.368],[81.2097,7.3493],[81.2146,7.3478],[81.2148,7.3437],[81.2188,7.3405],[81.2183,7.3368],[81.2201,7.3329],[81.2234,7.332],[81.2304,7.3346],[81.2372,7.3418],[81.2461,7.3353],[81.2469,7.3322],[81.2455,7.326],[81.2639,7.3077],[81.2716,7.2913],[81.2672,7.2823],[81.2705,7.2769],[81.2792,7.2615],[81.2774,7.2554],[81.2796,7.2526],[81.2866,7.2486],[81.2843,7.2435],[81.2855,7.2406],[81.2943,7.2462],[81.3051,7.2574],[81.323,7.2631],[81.319,7.2779],[81.3221,7.2871],[81.3222,7.2936],[81.325,7.2991],[81.3181,7.3129],[81.3216,7.3275],[81.3192,7.333],[81.3213,7.3334],[81.3207,7.3375],[81.3242,7.3341],[81.3344,7.3344],[81.3372,7.3362],[81.3415,7.3365],[81.3445,7.3356],[81.3545,7.3375],[81.367,7.3435],[81.3631,7.3523],[81.3651,7.3575],[81.3669,7.3586],[81.3745,7.3585],[81.3774,7.3629],[81.3864,7.3709],[81.3814,7.3775],[81.3803,7.3878],[81.3759,7.3926],[81.3737,7.3976],[81.375,7.4104],[81.377,7.4108],[81.3844,7.4077],[81.3888,7.4079],[81.4003,7.4156],[81.4057,7.4167],[81.4089,7.4224],[81.4069,7.4299],[81.4075,7.4331],[81.4219,7.4358],[81.4248,7.4415],[81.4363,7.4436],[81.4564,7.4584],[81.4636,7.4565],[81.4717,7.4569],[81.4788,7.4547],[81.4768,7.4499],[81.462,7.4304],[81.465,7.4255],[81.4756,7.4231],[81.4771,7.4217],[81.4726,7.4054],[81.4724,7.393],[81.4798,7.379],[81.4908,7.3378],[81.4836,7.3297],[81.4798,7.328],[81.479,7.3247],[81.4977,7.3044],[81.5125,7.2983],[81.5188,7.2903],[81.5207,7.2847],[81.5174,7.2824],[81.5176,7.2805],[81.5242,7.2705],[81.524,7.2628],[81.5276,7.2536],[81.5235,7.2468],[81.5231,7.2429],[81.5263,7.241],[81.534,7.24],[81.5381,7.2332],[81.5421,7.2331],[81.545,7.2305],[81.5477,7.2252],[81.5511,7.2231],[81.5531,7.2176],[81.542,7.2136],[81.529,7.2046],[81.5224,7.1976],[81.5148,7.1842],[81.5114,7.1821],[81.5113,7.1794],[81.5001,7.1548],[81.5003,7.1489],[81.5134,7.1363],[81.5111,7.131],[81.5131,7.1256],[81.5113,7.1179],[81.5157,7.109],[81.5154,7.103],[81.5211,7.0975],[81.5332,7.0904],[81.5365,7.0948],[81.5377,7.0911],[81.5394,7.0901],[81.5598,7.082],[81.5733,7.0813],[81.5797,7.0763],[81.5893,7.0746],[81.5961,7.0696],[81.6034,7.0704],[81.6142,7.0685],[81.6192,7.0492],[81.6174,7.0459],[81.6115,7.0417],[81.6072,7.0259],[81.6126,7.0164],[81.6143,7.0092],[81.6139,7.0037],[81.6189,7.0013],[81.6209,6.9984],[81.6208,6.9911],[81.6172,6.9826],[81.6178,6.9791],[81.6224,6.9732],[81.6315,6.9672],[81.6372,6.96],[81.6287,6.913],[81.6281,6.8707],[81.6191,6.7561],[81.6175,6.6966],[81.6146,6.6709],[81.6083,6.58],[81.6154,6.5723],[81.6209,6.5711],[81.6217,6.5644],[81.633,6.5525],[81.638,6.5422],[81.6425,6.5413],[81.6502,6.545],[81.656,6.5405],[81.6623,6.5404],[81.6684,6.5335],[81.671,6.5256],[81.6772,6.5197],[81.6884,6.5136],[81.6993,6.5146],[81.7079,6.5107]]]}},{"type":"Feature","properties":{"district":"anuradhapura","district_name":"Anuradhapura"},"geometry":{"type":"Polygon","coordinates":[[[80.0324,8.5272],[80.0428,8.5],[80.0428,8.4934],[80.0319,8.4653],[80.0205,8.4505],[80.0197,8.445],[80.0173,8.4446],[80.0152,8.4407],[80.0075,8.439],[80.006,8.4342],[80.0006,8.4339],[79.9963,8.4266],[79.9901,8.4232],[79.9887,8.421],[79.992,8.4175],[79.9905,8.4139],[79.9853,8.4121],[79.9811,8.4021],[79.9771,8.3975],[79.9681,8.3988],[79.9618,8.398],[79.9562,8.3943],[79.955,8.3835],[79.9523,8.3751],[79.9528,8.3694],[79.9646,8.3517],[79.967,8.3503],[79.9748,8.3371],[79.9757,8.3265],[79.9817,8.3076],[79.9781,8.3029],[79.9804,8.3008],[79.9841,8.2843],[79.9819,8.2773],[79.9957,8.2542],[79.9995,8.2384],[80.0001,8.2285],[80.0083,8.2297],[80.0178,8.2248],[80.0276,8.227],[80.0323,8.234],[80.0378,8.2379],[80.0531,8.2247],[80.0619,8.2198],[80.067,8.2195],[80.0795,8.2236],[80.0865,8.2107],[80.0967,8.2095],[80.0982,8.2022],[80.1019,8.1973],[80.1077,8.1959],[80.11,8.1931],[80.1086,8.191],[80.1101,8.1888],[80.1169,8.1866],[80.123,8.1813],[80.1343,8.1793],[80.1377,8.1766],[80.1509,8.1756],[80.1655,8.1641],[80.1727,8.1628],[80.1787,8.1636],[80.1839,8.1621],[80.1859,8.1599],[80.1851,8.1541],[80.1882,8.1515],[80.1919,8.1531],[80.1953,8.152],[80.2009,8.1542],[80.2071,8.1535],[80.2107,8.1496],[80.2119,8.1456],[80.2151,8.1436],[80.2326,8.1401],[80.2429,8.1352],[80.2512,8.1332],[80.2608,8.1241],[80.2631,8.1178],[80.2664,8.1154],[80.2744,8.1172],[80.2806,8.1159],[80.286,8.1188],[80.2899,8.1173],[80.294,8.1186],[80.3012,8.1155],[80.3081,8.1171],[80.3172,8.1122],[80.3241,8.0971],[80.3325,8.0895],[80.337,8.0888],[80.3392,8.0849],[80.344,8.081],[80.349,8.081],[80.3583,8.069],[80.3636,8.0671],[80.37,8.0578],[80.3804,8.0565],[80.3855,8.0514],[80.3924,8.048],[80.3962,8.0532],[80.4047,8.0549],[80.4135,8.0485],[80.4161,8.0446],[80.4194,8.0436],[80.4181,8.0125],[80.4154,8.0072],[80.4222,7.9921],[80.4241,7.9824],[80.4228,7.9762],[80.426,7.9629],[80.4187,7.9533],[80.4274,7.9491],[80.4336,7.9479],[80.4418,7.9541],[80.4475,7.9551],[80.4523,7.9524],[80.4572,7.9463],[80.4611,7.9453],[80.4627,7.9178],[80.4659,7.9047],[80.4686,7.8996],[80.4744,7.8958],[80.4798,7.8773],[80.4753,7.8564],[80.4691,7.85],[80.479,7.841],[80.4798,7.8312],[80.4833,7.8293],[80.4839,7.8231],[80.4998,7.8164],[80.5011,7.8199],[80.4999,7.8261],[80.5078,7.8282],[80.5244,7.8273],[80.5445,7.8392],[80.5652,7.8489],[80.5691,7.855],[80.5704,7.8624],[80.576,7.8684],[80.5831,7.868],[80.5861,7.8665],[80.5902,7.8672],[80.5919,7.8648],[80.5931,7.8581],[80.5998,7.8558],[80.6074,7.8606],[80.6095,7.8637],[80.6122,7.8645],[80.6159,7.8686],[80.6228,7.8686],[80.6229,7.8826],[80.6299,7.8858],[80.637,7.8864],[80.639,7.8885],[80.6379,7.8939],[80.6346,7.8946],[80.6324,7.9002],[80.6426,7.9096],[80.6541,7.9152],[80.6552,7.9251],[80.6529,7.9466],[80.6565,7.9483],[80.6587,7.9601],[80.6685,7.9634],[80.6823,7.9567],[80.7059,7.9918],[80.713,7.9915],[80.7191,7.9973],[80.719,7.999],[80.74,8.006],[80.7439,8.006],[80.7504,8.0113],[80.7561,8.0123],[80.7556,8.0172],[80.7501,8.0198],[80.7497,8.0221],[80.7559,8.0336],[80.7604,8.0383],[80.7595,8.0446],[80.7711,8.0572],[80.777,8.0659],[80.774,8.0673],[80.7622,8.0652],[80.7587,8.0686],[80.7584,8.096],[80.7566,8.1032],[80.7586,8.1114],[80.7583,8.137],[80.7611,8.141],[80.7594,8.1505],[80.7854,8.2041],[80.7877,8.2177],[80.7878,8.2312],[80.7944,8.2488],[80.794,8.2538],[80.8027,8.272],[80.8044,8.2785],[80.8127,8.2804],[80.8991,8.2809],[80.9042,8.3076],[80.9114,8.3264],[80.9215,8.333],[80.9242,8.3369],[80.9241,8.3414],[80.9292,8.358],[80.9265,8.3659],[80.9273,8.3735],[80.9318,8.3822],[80.9332,8.3896],[80.9378,8.3923],[80.9414,8.3978],[80.946,8.4181],[80.9525,8.4331],[80.9538,8.4392],[80.9629,8.4538],[80.9726,8.4601],[80.9711,8.4657],[80.9717,8.4686],[80.9752,8.4692],[80.9796,8.4672],[80.9829,8.4681],[80.989,8.471],[80.9909,8.4748],[80.9863,8.4847],[80.9633,8.4857],[80.9651,8.4925],[80.9633,8.4986],[80.9514,8.5033],[80.9472,8.5075],[80.9448,8.5243],[80.9468,8.5357],[80.944,8.5518],[80.9171,8.5848],[80.9147,8.5984],[80.9159,8.6051],[80.9065,8.6126],[80.896,8.6181],[80.8939,8.6219],[80.8965,8.6267],[80.8971,8.6315],[80.8917,8.6367],[80.8934,8.6461],[80.897,8.6501],[80.8971,8.653],[80.9006,8.6589],[80.9,8.6625],[80.9019,8.6646],[80.9088,8.667],[80.9101,8.6703],[80.9137,8.6734],[80.9123,8.6764],[80.9134,8.681],[80.9116,8.6892],[80.9053,8.6985],[80.8993,8.7121],[80.8945,8.7158],[80.8914,8.7225],[80.8916,8.73],[80.8933,8.7322],[80.8906,8.7434],[80.885,8.7468],[80.8822,8.7469],[80.8788,8.7527],[80.8796,8.7685],[80.8821,8.7739],[80.8821,8.7827],[80.884,8.7861],[80.8831,8.7886],[80.8924,8.7994],[80.8929,8.8041],[80.896,8.8097],[80.8992,8.8119],[80.901,8.8164],[80.9037,8.8171],[80.9066,8.8212],[80.9109,8.8236],[80.9125,8.8279],[80.9126,8.8369],[80.9089,8.8365],[80.9019,8.8441],[80.8966,8.8535],[80.8911,8.8575],[80.8873,8.8694],[80.8715,8.8821],[80.8535,8.887],[80.8407,8.8949],[80.8329,8.9031],[80.826,8.9056],[80.8123,8.9153],[80.783,8.9202],[80.781,8.9167],[80.753,8.9051],[80.726,8.898],[80.7159,8.8994],[80.7119,8.8985],[80.7075,8.8955],[80.6921,8.8893],[80.677,8.8761],[80.6675,8.8714],[80.646,8.868],[80.6363,8.8693],[80.5954,8.8697],[80.5923,8.8479],[80.5996,8.843],[80.6108,8.84],[80.6238,8.839],[80.6271,8.8371],[80.6309,8.8318],[80.6329,8.8231],[80.6372,8.8154],[80.6513,8.8034],[80.6531,8.7948],[80.6514,8.7904],[80.6476,8.7871],[80.6379,8.7831],[80.6339,8.7799],[80.6237,8.7668],[80.6185,8.7526],[80.6012,8.7444],[80.5941,8.7282],[80.5893,8.7221],[80.5736,8.7167],[80.5698,8.7087],[80.57,8.7004],[80.5507,8.6881],[80.5454,8.6797],[80.5367,8.6769],[80.5302,8.6728],[80.5197,8.6588],[80.5135,8.6599],[80.5103,8.658],[80.5067,8.6584],[80.4972,8.6663],[80.487,8.6699],[80.4851,8.673],[80.4816,8.6743],[80.469,8.6849],[80.4513,8.6925],[80.4444,8.6891],[80.4277,8.6731],[80.4242,8.674],[80.4246,8.6691],[80.4219,8.662],[80.4198,8.661],[80.4162,8.6622],[80.4105,8.6595],[80.4056,8.645],[80.3994,8.6341],[80.3855,8.6231],[80.381,8.6218],[80.3789,8.6113],[80.3827,8.6021],[80.3786,8.5976],[80.3815,8.5914],[80.38,8.5838],[80.3696,8.575],[80.3641,8.5741],[80.3596,8.576],[80.3518,8.5728],[80.3469,8.5673],[80.3404,8.5558],[80.3402,8.5477],[80.3376,8.546],[80.336,8.5471],[80.3323,8.5462],[80.3284,8.5479],[80.3265,8.5472],[80.3135,8.5507],[80.3075,8.5544],[80.2885,8.5606],[80.2855,8.5685],[80.2871,8.5717],[80.2847,8.5812],[80.2797,8.5846],[80.2818,8.5903],[80.2783,8.5903],[80.2739,8.6006],[80.2755,8.6077],[80.2745,8.611],[80.2719,8.6134],[80.2597,8.618],[80.2577,8.6181],[80.2533,8.615],[80.2499,8.6162],[80.247,8.6183],[80.2407,8.6289],[80.2372,8.629],[80.2372,8.6343],[80.239,8.6373],[80.2374,8.6405],[80.2374,8.6459],[80.2334,8.6521],[80.2349,8.6592],[80.238,8.6634],[80.2356,8.6681],[80.2364,8.6769],[80.2354,8.6804],[80.1138,8.6494],[80.1104,8.6509],[80.1049,8.6506],[80.1005,8.6537],[80.0951,8.6524],[80.0866,8.6562],[80.0837,8.6541],[80.0801,8.6536],[80.0725,8.659],[80.0636,8.6608],[80.062,8.664],[80.0444,8.6732],[80.0553,8.637],[80.0517,8.5939],[80.0522,8.5699],[80.0504,8.5494],[80.0504,8.5219],[80.0485,8.5231],[80.0433,8.5222],[80.0336,8.5244],[80.0324,8.5272]]]}},{"type":"Feature","properties":{"district":"badulla","district_name":"Badulla"},"geometry":{"type":"Polygon","coordinates":[[[80.9779,7.625],[80.9793,7.6117],[80.9757,7.5978],[80.9775,7.5872],[80.9732,7.5777],[80.9717,7.5666],[80.9711,7.534],[80.9742,7.4884],[80.9752,7.4835],[80.9727,7.4625],[80.9752,7.427],[80.9705,7.42],[80.9695,7.4133],[80.971,7.4091],[80.9786,7.4042],[80.9827,7.3937],[80.9797,7.3787],[80.9756,7.3708],[80.9763,7.3629],[80.986,7.3379],[80.9891,7.3182],[80.9946,7.3033],[81.0002,7.2936],[81.0058,7.269],[81.0116,7.254],[81.0129,7.2413],[81.0165,7.2334],[81.0082,7.2165],[81.0007,7.2134],[80.9887,7.2143],[80.9833,7.2126],[80.9778,7.2034],[80.9744,7.2002],[80.9729,7.1963],[80.9685,7.1975],[80.9623,7.1959],[80.955,7.1995],[80.9458,7.2004],[80.9425,7.1971],[80.9425,7.1935],[80.9487,7.1849],[80.9487,7.1784],[80.9529,7.1766],[80.9546,7.1715],[80.9568,7.17],[80.9613,7.1571],[80.959,7.1464],[80.9607,7.1421],[80.9592,7.1416],[80.9519,7.1451],[80.949,7.1386],[80.9509,7.1343],[80.9499,7.1298],[80.959,7.1274],[80.9633,7.1241],[80.9647,7.1209],[80.9641,7.1192],[80.957,7.1147],[80.9552,7.1054],[80.9513,7.1014],[80.9548,7.0971],[80.9532,7.0902],[80.9644,7.0803],[80.9651,7.0777],[80.9634,7.0756],[80.9582,7.0742],[80.9556,7.0631],[80.9478,7.0596],[80.9411,7.0543],[80.9383,7.0428],[80.9292,7.0382],[80.9299,7.0351],[80.9277,7.0304],[80.929,7.0201],[80.9246,7.01],[80.9238,7.0005],[80.9195,6.9909],[80.9104,6.9847],[80.9046,6.9826],[80.8985,6.9773],[80.8917,6.9785],[80.8749,6.9737],[80.8666,6.978],[80.8622,6.9782],[80.8569,6.972],[80.8467,6.9662],[80.8398,6.9583],[80.8354,6.9558],[80.8321,6.9461],[80.8318,6.9341],[80.8304,6.9299],[80.8268,6.9259],[80.8162,6.9192],[80.8123,6.9175],[80.8069,6.9177],[80.7818,6.9216],[80.7788,6.9204],[80.7767,6.9163],[80.7759,6.913],[80.7779,6.9104],[80.7975,6.9068],[80.81,6.9017],[80.8102,6.8962],[80.8084,6.8942],[80.8144,6.8915],[80.8118,6.8798],[80.8133,6.8794],[80.8173,6.882],[80.824,6.8765],[80.8205,6.8621],[80.8234,6.8565],[80.8265,6.8569],[80.8294,6.8555],[80.8314,6.8493],[80.8375,6.8451],[80.8366,6.8402],[80.8316,6.8337],[80.8268,6.8324],[80.8244,6.8302],[80.8201,6.8324],[80.8168,6.8323],[80.8139,6.8285],[80.8175,6.8193],[80.825,6.8153],[80.8326,6.815],[80.8372,6.8119],[80.8369,6.8098],[80.8338,6.8076],[80.8343,6.8027],[80.8252,6.7931],[80.8145,6.7957],[80.8084,6.7919],[80.8126,6.7854],[80.8087,6.7726],[80.8129,6.762],[80.8115,6.7557],[80.827,6.7617],[80.8347,6.7455],[80.839,6.7442],[80.8545,6.7464],[80.8579,6.7415],[80.8583,6.7364],[80.8549,6.7319],[80.8503,6.7301],[80.8549,6.7194],[80.8425,6.7187],[80.8379,6.7143],[80.8336,6.7142],[80.8324,6.7119],[80.8211,6.7087],[80.8128,6.7053],[80.8118,6.7036],[80.8111,6.7003],[80.8122,6.6978],[80.8255,6.6896],[80.8297,6.6696],[80.8363,6.6668],[80.8476,6.6666],[80.8506,6.6613],[80.8574,6.6575],[80.8636,6.6656],[80.8666,6.662],[80.8718,6.6637],[80.8808,6.6638],[80.887,6.666],[80.8907,6.6756],[80.9,6.6757],[80.9079,6.6785],[80.9089,6.6835],[80.9129,6.6847],[80.9154,6.6887],[80.9134,6.6921],[80.915,6.6948],[80.9169,6.6949],[80.9204,6.6909],[80.928,6.6876],[80.9301,6.6913],[80.9401,6.6904],[80.941,6.6854],[80.9396,6.6787],[80.9414,6.6766],[80.9494,6.6742],[80.9519,6.6719],[80.9534,6.6552],[80.9587,6.6518],[80.9689,6.6545],[80.9702,6.6503],[80.9764,6.645],[80.9796,6.6353],[80.9767,6.6228],[80.979,6.6171],[80.9813,6.6163],[80.9843,6.6196],[80.9909,6.6206],[80.9993,6.615],[80.9997,6.6101],[80.9949,6.6003],[80.9989,6.5899],[80.9956,6.5751],[81.0177,6.5505],[81.0227,6.5422],[81.0256,6.5602],[81.0248,6.5651],[81.0263,6.5673],[81.0251,6.5732],[81.0338,6.5835],[81.0408,6.5906],[81.0487,6.584],[81.0547,6.583],[81.0624,6.5785],[81.0606,6.5869],[81.0622,6.5992],[81.0764,6.6112],[81.0862,6.6096],[81.0842,6.6169],[81.0648,6.6332],[81.0645,6.6375],[81.0614,6.6441],[81.061,6.6515],[81.0647,6.6998],[81.078,6.7073],[81.0793,6.7188],[81.085,6.728],[81.0711,6.7375],[81.0663,6.7362],[81.0623,6.7372],[81.056,6.7345],[81.053,6.7358],[81.0515,6.739],[81.0546,6.7489],[81.0648,6.7618],[81.0639,6.7725],[81.0611,6.7828],[81.0635,6.7883],[81.0658,6.8137],[81.0691,6.8145],[81.0752,6.8131],[81.08,6.8141],[81.0861,6.8071],[81.0936,6.8091],[81.0989,6.8125],[81.095,6.8174],[81.0941,6.8239],[81.0966,6.8279],[81.1055,6.8309],[81.1135,6.8288],[81.1186,6.8293],[81.1316,6.8333],[81.1374,6.8387],[81.1382,6.8405],[81.1347,6.8433],[81.1329,6.8479],[81.1247,6.8535],[81.118,6.862],[81.11,6.8632],[81.1094,6.8654],[81.1126,6.8726],[81.116,6.8737],[81.1202,6.8729],[81.1294,6.8799],[81.1453,6.8867],[81.1592,6.8906],[81.1614,6.8966],[81.1659,6.8967],[81.1672,6.9002],[81.1728,6.9011],[81.1767,6.9045],[81.18,6.9252],[81.1828,6.9288],[81.1843,6.9286],[81.187,6.9213],[81.2038,6.9214],[81.2078,6.9264],[81.2017,6.9323],[81.2067,6.9398],[81.2094,6.9423],[81.221,6.9426],[81.2264,6.9457],[81.2272,6.9489],[81.2227,6.9498],[81.2212,6.9522],[81.2203,6.9602],[81.2226,6.9631],[81.2258,6.9621],[81.2343,6.9657],[81.2345,6.9781],[81.2318,6.9886],[81.233,6.9908],[81.2366,6.992],[81.2423,7.007],[81.2448,7.0089],[81.2462,7.0223],[81.2417,7.0532],[81.2293,7.0844],[81.2254,7.084],[81.2191,7.0806],[81.2164,7.0862],[81.2148,7.0952],[81.2128,7.0967],[81.2096,7.0935],[81.2066,7.0955],[81.1993,7.0937],[81.1912,7.0946],[81.1889,7.0934],[81.1877,7.0859],[81.1815,7.0847],[81.1752,7.0867],[81.1687,7.0841],[81.1623,7.1016],[81.1619,7.1082],[81.159,7.1142],[81.1521,7.1208],[81.148,7.1281],[81.1439,7.13],[81.1416,7.137],[81.1373,7.1365],[81.1331,7.1385],[81.13,7.1404],[81.1271,7.1452],[81.1253,7.1513],[81.1221,7.1544],[81.1239,7.1645],[81.1371,7.1775],[81.1376,7.1828],[81.1404,7.1883],[81.146,7.1928],[81.1521,7.1948],[81.1544,7.1936],[81.1603,7.1785],[81.1644,7.1735],[81.1688,7.1732],[81.1748,7.1693],[81.1853,7.1725],[81.1871,7.1756],[81.1865,7.1819],[81.1906,7.1864],[81.1887,7.1911],[81.1998,7.1951],[81.2069,7.2015],[81.2247,7.2296],[81.2359,7.2395],[81.2355,7.247],[81.2308,7.2601],[81.2324,7.2645],[81.2315,7.2676],[81.2446,7.2688],[81.2566,7.2752],[81.2609,7.2757],[81.2646,7.2787],[81.2683,7.2766],[81.2705,7.2769],[81.2672,7.2823],[81.2716,7.2913],[81.2639,7.3077],[81.2455,7.326],[81.2469,7.3322],[81.2461,7.3353],[81.2372,7.3418],[81.2304,7.3346],[81.2234,7.332],[81.2201,7.3329],[81.2183,7.3368],[81.2188,7.3405],[81.2148,7.3437],[81.2146,7.3478],[81.2097,7.3493],[81.2037,7.368],[81.1981,7.3754],[81.1937,7.3776],[81.1944,7.3853],[81.2013,7.3877],[81.201,7.3963],[81.1943,7.4124],[81.1943,7.4213],[81.192,7.4233],[81.1887,7.4383],[81.1826,7.4442],[81.1833,7.4474],[81.19,7.4513],[81.1897,7.4544],[81.1948,7.4598],[81.1921,7.464],[81.1925,7.4661],[81.1992,7.4715],[81.2,7.4768],[81.1986,7.4854],[81.2003,7.4882],[81.1983,7.4955],[81.1989,7.5009],[81.2026,7.506],[81.204,7.5126],[81.2068,7.5163],[81.2061,7.5287],[81.2072,7.5365],[81.2051,7.5403],[81.2039,7.5514],[81.2054,7.5554],[81.2015,7.5584],[81.1987,7.5644],[81.1879,7.5741],[81.1844,7.5718],[81.1789,7.5721],[81.171,7.5692],[81.168,7.5706],[81.1636,7.5699],[81.1595,7.5669],[81.1316,7.5562],[81.1132,7.5449],[81.0763,7.5121],[81.0731,7.5121],[81.0723,7.5142],[81.0648,7.5152],[81.0631,7.5124],[81.0587,7.5121],[81.0567,7.5104],[81.0584,7.5077],[81.0556,7.5061],[81.0526,7.5067],[81.0478,7.5044],[81.0464,7.5061],[81.0418,7.5053],[81.0368,7.5194],[81.036,7.5258],[81.0303,7.5313],[81.0295,7.5379],[81.0219,7.5419],[81.0195,7.548],[81.0155,7.5529],[81.0127,7.5686],[81.0147,7.5791],[81.0133,7.5959],[81.0074,7.6024],[80.9856,7.6112],[80.9847,7.6173],[80.9809,7.6199],[80.9779,7.625]]]}},{"type":"Feature","properties":{"district":"batticaloa","district_name":"Batticaloa"},"geometry":{"type":"Polygon","coordinates":[[[81.8144,7.4804],[81.8098,7.4981],[81.806,7.529],[81.7968,7.5691],[81.7849,7.6044],[81.7763,7.624],[81.7562,7.6617],[81.717,7.7222],[81.706,7.7441],[81.699,7.7531],[81.6879,7.763],[81.687,7.7621],[81.6883,7.7611],[81.687,7.7603],[81.6691,7.7668],[81.6532,7.778],[81.6433,7.7874],[81.6268,7.8124],[81.6199,7.8288],[81.6128,7.823],[81.6053,7.824],[81.5934,7.8317],[81.5813,7.8451],[81.5685,7.8704],[81.5654,7.8825],[81.5637,7.899],[81.5659,7.9112],[81.5693,7.918],[81.5829,7.9198],[81.5754,7.9268],[81.57,7.9271],[81.5666,7.9253],[81.5635,7.9269],[81.5605,7.9324],[81.5617,7.9385],[81.5573,7.9432],[81.5539,7.9427],[81.5519,7.9334],[81.5457,7.9314],[81.5415,7.9273],[81.5218,7.9266],[81.5157,7.9213],[81.5175,7.9147],[81.5128,7.9137],[81.5135,7.9218],[81.5216,7.9335],[81.5256,7.9339],[81.5304,7.9311],[81.5369,7.9321],[81.5453,7.937],[81.5487,7.9408],[81.5431,7.9512],[81.5402,7.9619],[81.5405,7.9704],[81.5419,7.9774],[81.5528,7.9851],[81.5532,7.9884],[81.5522,7.9913],[81.5468,7.994],[81.5403,7.9862],[81.5311,7.9833],[81.5189,7.9908],[81.5168,7.9964],[81.5148,7.9974],[81.5091,7.9967],[81.4912,8.0122],[81.4729,8.0426],[81.4641,8.0666],[81.4576,8.099],[81.4605,8.1096],[81.4648,8.1096],[81.465,8.1109],[81.4634,8.1118],[81.4598,8.1106],[81.4542,8.1131],[81.4468,8.1227],[81.4415,8.1354],[81.4351,8.1541],[81.4327,8.167],[81.4336,8.1752],[81.436,8.1777],[81.4339,8.1775],[81.4293,8.1811],[81.4258,8.1884],[81.4227,8.1991],[81.4229,8.2068],[81.4183,8.2119],[81.4118,8.2299],[81.4078,8.2485],[81.3939,8.2488],[81.3875,8.2532],[81.3709,8.2539],[81.3691,8.2564],[81.3643,8.258],[81.3611,8.2559],[81.359,8.2577],[81.3557,8.2573],[81.3549,8.2593],[81.3561,8.2631],[81.3587,8.2649],[81.3538,8.2693],[81.3473,8.2647],[81.3429,8.264],[81.3356,8.2639],[81.3303,8.2657],[81.3231,8.2616],[81.3116,8.252],[81.314,8.2414],[81.314,8.2292],[81.3078,8.095],[81.3084,8.0708],[81.3064,8.0294],[81.3321,7.9704],[81.3401,7.957],[81.339,7.9451],[81.34,7.9374],[81.335,7.938],[81.3282,7.9351],[81.3243,7.9357],[81.3165,7.9404],[81.3079,7.9374],[81.2981,7.9461],[81.2893,7.9466],[81.2818,7.9415],[81.2778,7.9405],[81.2747,7.9368],[81.2671,7.9371],[81.2628,7.94],[81.2531,7.9363],[81.2473,7.9286],[81.2401,7.9237],[81.2369,7.9198],[81.2385,7.9026],[81.2359,7.8949],[81.237,7.8887],[81.2289,7.8761],[81.2278,7.8671],[81.2286,7.8636],[81.2315,7.8613],[81.2331,7.8521],[81.2327,7.8435],[81.2293,7.8372],[81.225,7.8235],[81.23,7.7951],[81.227,7.781],[81.2307,7.771],[81.2349,7.7664],[81.2375,7.7605],[81.236,7.7568],[81.2371,7.7484],[81.2413,7.7391],[81.2456,7.7388],[81.2514,7.736],[81.2532,7.7348],[81.2544,7.7308],[81.2585,7.7319],[81.2632,7.7358],[81.3261,7.7334],[81.3285,7.7299],[81.3287,7.7195],[81.332,7.717],[81.3387,7.7065],[81.3457,7.7024],[81.3532,7.6923],[81.3544,7.6881],[81.3637,7.6767],[81.3678,7.6673],[81.3834,7.6567],[81.4456,7.642],[81.4429,7.6338],[81.4475,7.6197],[81.4408,7.6064],[81.4427,7.5988],[81.4398,7.5957],[81.4336,7.5809],[81.4326,7.5742],[81.4335,7.57],[81.452,7.5428],[81.4992,7.5216],[81.4994,7.5198],[81.494,7.5162],[81.4943,7.5152],[81.5182,7.5087],[81.6192,7.5081],[81.6361,7.5192],[81.6496,7.5251],[81.6498,7.5225],[81.6459,7.5163],[81.6484,7.5105],[81.648,7.5025],[81.6545,7.4915],[81.6541,7.48],[81.6606,7.4725],[81.6573,7.4613],[81.6606,7.4473],[81.6596,7.4213],[81.6628,7.4141],[81.661,7.4037],[81.6636,7.3987],[81.6703,7.4012],[81.6727,7.4053],[81.6741,7.4139],[81.6905,7.4209],[81.6982,7.429],[81.709,7.4371],[81.7185,7.4466],[81.725,7.4553],[81.749,7.4552],[81.7607,7.4598],[81.7764,7.4819],[81.7935,7.4705],[81.8144,7.4804]]]}},{"type":"Feature","properties":{"district":"colombo","district_name":"Colombo"},"geometry":{"type":"Polygon","coordinates":[[[79.8699,6.9793],[79.8681,6.9685],[79.8665,6.9685],[79.8623,6.9638],[79.8612,6.9643],[79.8615,6.9633],[79.8593,6.9632],[79.8592,6.9649],[79.8587,6.9627],[79.8579,6.9641],[79.8578,6.9622],[79.8533,6.961],[79.8566,6.9608],[79.8566,6.9594],[79.8532,6.9588],[79.8532,6.9577],[79.8566,6.9584],[79.8541,6.9567],[79.8575,6.9567],[79.8555,6.9556],[79.8562,6.9544],[79.8538,6.9545],[79.857,6.9537],[79.8537,6.9535],[79.8499,6.9425],[79.8523,6.9417],[79.8494,6.9415],[79.8506,6.9403],[79.8496,6.9394],[79.8487,6.9405],[79.8495,6.9394],[79.8476,6.9377],[79.8464,6.9383],[79.8474,6.942],[79.8463,6.9423],[79.8453,6.9387],[79.8429,6.94],[79.8445,6.9407],[79.8463,6.9518],[79.8449,6.9521],[79.8449,6.9558],[79.8398,6.9608],[79.839,6.9598],[79.8399,6.9588],[79.84,6.9604],[79.8445,6.9552],[79.8428,6.9454],[79.8402,6.9462],[79.8406,6.9496],[79.839,6.9445],[79.837,6.9453],[79.8346,6.9436],[79.8343,6.9448],[79.8276,6.9458],[79.8257,6.9433],[79.8235,6.9454],[79.8233,6.9573],[79.8311,6.9659],[79.8228,6.9576],[79.8225,6.9453],[79.8253,6.9416],[79.8368,6.9412],[79.8404,6.9383],[79.8578,6.8716],[79.8616,6.8494],[79.8627,6.8373],[79.861,6.8336],[79.863,6.8247],[79.8799,6.7705],[79.8998,6.7207],[79.8996,6.7164],[79.902,6.7156],[79.904,6.7188],[79.9013,6.7332],[79.8953,6.747],[79.8949,6.7516],[79.8927,6.7545],[79.8934,6.7639],[79.8866,6.7719],[79.8879,6.7752],[79.8911,6.7769],[79.8978,6.7761],[79.9037,6.7693],[79.9163,6.7619],[79.9184,6.7578],[79.9166,6.7527],[79.9178,6.7497],[79.9259,6.7479],[79.9443,6.7492],[79.9466,6.7506],[79.9478,6.7564],[79.9519,6.7615],[79.9579,6.7587],[79.9618,6.7585],[79.969,6.7612],[79.9786,6.759],[79.9834,6.7623],[79.9907,6.7624],[79.9936,6.767],[80.0045,6.7726],[80.0056,6.7775],[80.0095,6.7796],[80.0117,6.7846],[80.0151,6.7861],[80.0137,6.7888],[80.0259,6.7929],[80.0338,6.8019],[80.0351,6.8064],[80.042,6.8049],[80.0454,6.7987],[80.0548,6.7924],[80.0583,6.7918],[80.0615,6.7939],[80.0657,6.7937],[80.0692,6.8054],[80.0754,6.8153],[80.0789,6.8167],[80.0848,6.814],[80.0886,6.8149],[80.0907,6.8081],[80.0981,6.8035],[80.098,6.7914],[80.1012,6.7872],[80.1022,6.7804],[80.106,6.7734],[80.1114,6.7698],[80.1198,6.7704],[80.1246,6.7743],[80.1256,6.7843],[80.1232,6.7909],[80.1207,6.7936],[80.1213,6.7966],[80.1162,6.8013],[80.1164,6.8052],[80.1247,6.8089],[80.1337,6.8159],[80.143,6.819],[80.1493,6.8241],[80.1569,6.823],[80.1642,6.8144],[80.1713,6.8155],[80.1742,6.8199],[80.1777,6.8158],[80.1785,6.8166],[80.1811,6.8142],[80.1852,6.8157],[80.1872,6.8188],[80.189,6.815],[80.1969,6.8145],[80.2001,6.8159],[80.2021,6.8194],[80.2022,6.8317],[80.1992,6.8355],[80.1983,6.8422],[80.1942,6.8515],[80.1915,6.854],[80.1773,6.8575],[80.175,6.8599],[80.1803,6.868],[80.1837,6.8865],[80.1901,6.8926],[80.1889,6.8995],[80.1946,6.9041],[80.1999,6.9037],[80.2005,6.9087],[80.2037,6.9126],[80.2094,6.915],[80.2117,6.9179],[80.2123,6.9253],[80.2082,6.938],[80.213,6.9388],[80.2204,6.9367],[80.2231,6.9408],[80.2224,6.9504],[80.2175,6.9564],[80.2182,6.9726],[80.2171,6.9753],[80.2149,6.9741],[80.2132,6.9766],[80.2072,6.9787],[80.1992,6.9762],[80.1894,6.9784],[80.1873,6.9759],[80.1836,6.975],[80.1792,6.9777],[80.1693,6.9794],[80.1688,6.9725],[80.1668,6.9708],[80.1517,6.9741],[80.1323,6.9754],[80.1245,6.9747],[80.1217,6.9654],[80.1143,6.9628],[80.11,6.9629],[80.1103,6.9596],[80.1063,6.954],[80.1015,6.9534],[80.0985,6.9515],[80.0977,6.9452],[80.0936,6.9392],[80.0953,6.9345],[80.0932,6.9123],[80.0884,6.9137],[80.0857,6.9103],[80.0782,6.9112],[80.0737,6.9082],[80.0642,6.9128],[80.0628,6.9084],[80.0606,6.9071],[80.0549,6.9075],[80.0544,6.9122],[80.0524,6.9135],[80.0442,6.9152],[80.0402,6.919],[80.0305,6.9238],[80.0203,6.9247],[80.018,6.9328],[80.0137,6.9394],[80.0136,6.947],[80.001,6.9423],[79.9934,6.944],[79.9896,6.9411],[79.9861,6.9354],[79.9827,6.9386],[79.9698,6.9376],[79.9631,6.9412],[79.9548,6.9432],[79.9444,6.9383],[79.9431,6.9395],[79.9431,6.9427],[79.9389,6.9449],[79.9347,6.9502],[79.928,6.9491],[79.9233,6.9525],[79.9211,6.9517],[79.9189,6.947],[79.9162,6.9456],[79.9127,6.9467],[79.9108,6.9504],[79.9032,6.947],[79.9003,6.9473],[79.8982,6.9479],[79.8963,6.9509],[79.8999,6.9534],[79.8999,6.9559],[79.8834,6.9543],[79.8792,6.9583],[79.8791,6.9654],[79.885,6.9738],[79.8835,6.9794],[79.8794,6.9814],[79.8699,6.9793]]]}},{"type":"Feature","properties":{"district":"galle","district_name":"Galle"},"geometry":{"type":"Polygon","coordinates":[[[79.9876,6.4404],[79.9938,6.4296],[79.9958,6.4199],[79.9958,6.4178],[79.9941,6.4168],[79.9963,6.4152],[80.0042,6.3995],[80.0051,6.3965],[80.0037,6.395],[80.0077,6.3867],[80.009,6.3801],[80.0092,6.3775],[80.008,6.3767],[80.0113,6.3703],[80.0102,6.3677],[80.0158,6.359],[80.0155,6.3568],[80.0284,6.331],[80.0305,6.3215],[80.0284,6.3139],[80.0336,6.3064],[80.0378,6.2928],[80.0359,6.2904],[80.0355,6.2853],[80.0335,6.2843],[80.0354,6.276],[80.0332,6.273],[80.033,6.2694],[80.0366,6.2624],[80.036,6.2603],[80.0413,6.2501],[80.0469,6.2438],[80.0481,6.2393],[80.0516,6.2361],[80.0531,6.2268],[80.0635,6.2028],[80.0634,6.1984],[80.0616,6.195],[80.063,6.1907],[80.0886,6.1661],[80.0913,6.156],[80.0987,6.1484],[80.0991,6.1452],[80.0976,6.145],[80.0975,6.1435],[80.0991,6.1451],[80.0989,6.141],[80.0964,6.1429],[80.0994,6.1401],[80.1,6.131],[80.1132,6.121],[80.1231,6.1111],[80.1249,6.1063],[80.1242,6.1018],[80.1259,6.1],[80.1384,6.0913],[80.1524,6.0774],[80.174,6.0626],[80.18,6.0521],[80.1914,6.0427],[80.1992,6.0401],[80.1985,6.0387],[80.2014,6.0397],[80.2092,6.0359],[80.2089,6.0346],[80.2115,6.0335],[80.2122,6.0309],[80.2139,6.0314],[80.2139,6.0268],[80.2174,6.0236],[80.2196,6.0244],[80.2199,6.0263],[80.2175,6.0312],[80.2224,6.0361],[80.2271,6.0365],[80.228,6.0338],[80.2275,6.036],[80.2313,6.0349],[80.2303,6.034],[80.2318,6.0341],[80.2324,6.0322],[80.2268,6.032],[80.2293,6.0304],[80.2345,6.0303],[80.235,6.0325],[80.2386,6.0324],[80.2425,6.0282],[80.2405,6.0263],[80.2396,6.0188],[80.2373,6.0174],[80.2353,6.0187],[80.2348,6.0174],[80.2363,6.017],[80.2365,6.0126],[80.2431,6.0053],[80.2454,6.0092],[80.2495,6.0096],[80.2565,6.003],[80.2646,5.9986],[80.2676,5.9995],[80.2702,5.9976],[80.2735,5.9982],[80.2897,5.9942],[80.3149,5.9914],[80.3334,5.9829],[80.3436,5.9803],[80.3471,5.9778],[80.3636,5.9719],[80.3701,5.9688],[80.3706,5.9672],[80.3741,5.9676],[80.3793,5.9649],[80.3818,5.9653],[80.3815,5.9664],[80.3848,5.9673],[80.3839,5.9699],[80.3858,5.9733],[80.3853,5.9764],[80.3822,5.9783],[80.3819,5.9837],[80.3867,5.9922],[80.3912,6.0087],[80.3987,6.0131],[80.4111,6.0116],[80.4123,6.0155],[80.419,6.0178],[80.4225,6.0174],[80.4233,6.0187],[80.4224,6.0212],[80.4174,6.0257],[80.4169,6.0285],[80.4139,6.0291],[80.4121,6.0323],[80.3963,6.0309],[80.3916,6.0339],[80.3899,6.0381],[80.3893,6.0546],[80.3942,6.0576],[80.3991,6.0516],[80.4047,6.0529],[80.4094,6.0614],[80.4108,6.0691],[80.4178,6.0762],[80.4275,6.083],[80.4367,6.0864],[80.4381,6.0878],[80.4389,6.0937],[80.4229,6.1044],[80.4238,6.1083],[80.4206,6.1106],[80.4129,6.1097],[80.4061,6.114],[80.4053,6.12],[80.4004,6.1284],[80.3894,6.1327],[80.3862,6.1379],[80.3825,6.1534],[80.3847,6.1652],[80.3856,6.1669],[80.3913,6.1661],[80.396,6.1696],[80.3961,6.1716],[80.3909,6.1776],[80.3918,6.1794],[80.3879,6.1862],[80.3892,6.1876],[80.4031,6.1904],[80.3979,6.2051],[80.3922,6.2134],[80.3868,6.2162],[80.3834,6.221],[80.3845,6.2226],[80.3869,6.2197],[80.3927,6.2216],[80.4078,6.2166],[80.4158,6.2172],[80.4208,6.2141],[80.4267,6.2142],[80.44,6.226],[80.4404,6.2279],[80.4355,6.2366],[80.441,6.2385],[80.4413,6.2405],[80.4352,6.2483],[80.436,6.2521],[80.4392,6.2546],[80.4359,6.2596],[80.4309,6.2622],[80.4219,6.2727],[80.4214,6.2746],[80.4226,6.2761],[80.4149,6.2853],[80.4132,6.2929],[80.4033,6.2995],[80.3935,6.3034],[80.3864,6.3101],[80.3775,6.3251],[80.3789,6.3276],[80.3855,6.3313],[80.3928,6.3291],[80.399,6.3336],[80.4046,6.3337],[80.4144,6.3233],[80.4218,6.3182],[80.4291,6.3155],[80.4326,6.3076],[80.4392,6.3033],[80.4461,6.3013],[80.4474,6.2976],[80.4529,6.2919],[80.4539,6.2888],[80.4613,6.2895],[80.4674,6.2819],[80.4751,6.2804],[80.4801,6.2862],[80.4857,6.2845],[80.4869,6.2919],[80.4957,6.2996],[80.4919,6.306],[80.4905,6.3125],[80.4865,6.3167],[80.4855,6.3213],[80.4784,6.3234],[80.4752,6.3302],[80.4694,6.3332],[80.4644,6.3387],[80.4641,6.3442],[80.4606,6.3487],[80.4605,6.3515],[80.4648,6.3518],[80.4781,6.3652],[80.4824,6.3667],[80.4883,6.3639],[80.4953,6.3676],[80.4939,6.3777],[80.491,6.3801],[80.4813,6.381],[80.4777,6.3795],[80.474,6.38],[80.4721,6.3782],[80.4652,6.386],[80.4625,6.3856],[80.457,6.388],[80.4513,6.3877],[80.4405,6.3947],[80.4367,6.3938],[80.4315,6.3893],[80.4191,6.3924],[80.4001,6.4077],[80.3951,6.4136],[80.3859,6.4203],[80.3813,6.4256],[80.3796,6.4248],[80.376,6.4277],[80.3716,6.4262],[80.3689,6.4268],[80.3591,6.4204],[80.3567,6.4173],[80.3521,6.4192],[80.3346,6.411],[80.3133,6.3969],[80.3046,6.3955],[80.299,6.3977],[80.2902,6.3918],[80.2903,6.3704],[80.2946,6.3545],[80.2992,6.3458],[80.3009,6.3354],[80.299,6.3258],[80.2968,6.3249],[80.2936,6.3261],[80.2901,6.3316],[80.2856,6.3348],[80.2821,6.342],[80.2759,6.3491],[80.2693,6.3499],[80.2531,6.3656],[80.2473,6.3675],[80.2455,6.3725],[80.2411,6.3766],[80.2307,6.377],[80.2175,6.3801],[80.212,6.3715],[80.21,6.3708],[80.2067,6.372],[80.2066,6.3689],[80.208,6.3669],[80.2066,6.3634],[80.2074,6.3596],[80.2023,6.3591],[80.2012,6.3578],[80.1967,6.358],[80.1894,6.3545],[80.1868,6.3581],[80.1693,6.3601],[80.1546,6.3672],[80.1389,6.3674],[80.136,6.3662],[80.1323,6.3679],[80.1307,6.3657],[80.1285,6.369],[80.1222,6.3712],[80.1192,6.3789],[80.1138,6.386],[80.0953,6.3959],[80.0875,6.4018],[80.0822,6.4023],[80.0769,6.3983],[80.0697,6.398],[80.0671,6.3996],[80.0634,6.4071],[80.0614,6.4085],[80.0562,6.4092],[80.0514,6.4137],[80.044,6.4152],[80.0388,6.4198],[80.0302,6.4197],[80.0268,6.4234],[80.0233,6.4316],[80.0191,6.4341],[80.011,6.4375],[80.0078,6.437],[80.004,6.4293],[79.999,6.427],[79.9967,6.4289],[79.992,6.4398],[79.9886,6.4416],[79.9876,6.4404]]]}},{"type":"Feature","properties":{"district":"gampaha","district_name":"Gampaha"},"geometry":{"type":"Polygon","coordinates":[[[80.1792,6.9777],[80.1812,6.9814],[80.1811,6.9961],[80.1784,7.0004],[80.1747,7.015],[80.1711,7.0219],[80.1703,7.034],[80.1679,7.041],[80.1681,7.0475],[80.1634,7.0546],[80.1629,7.0587],[80.1667,7.0624],[80.167,7.0673],[80.174,7.073],[80.177,7.0827],[80.188,7.0899],[80.1873,7.1008],[80.1856,7.1052],[80.1962,7.1024],[80.1964,7.1116],[80.1992,7.1171],[80.2033,7.1195],[80.2072,7.1281],[80.2123,7.1302],[80.2127,7.132],[80.2092,7.135],[80.2023,7.1376],[80.1981,7.135],[80.1944,7.1377],[80.1833,7.1383],[80.1766,7.133],[80.1717,7.1325],[80.1651,7.1264],[80.1627,7.1269],[80.1599,7.1306],[80.1546,7.152],[80.1568,7.1579],[80.1572,7.164],[80.1534,7.1832],[80.1454,7.1883],[80.1469,7.1899],[80.1502,7.1899],[80.1519,7.1931],[80.1541,7.1915],[80.1552,7.1859],[80.1595,7.1846],[80.1612,7.1883],[80.16,7.1913],[80.1607,7.1932],[80.166,7.1929],[80.1705,7.196],[80.1815,7.1936],[80.1843,7.1963],[80.1831,7.1996],[80.1865,7.2049],[80.1846,7.2132],[80.189,7.2209],[80.1884,7.2246],[80.1896,7.2264],[80.1867,7.2361],[80.2002,7.2449],[80.2003,7.2494],[80.1956,7.2582],[80.1905,7.2638],[80.1851,7.2612],[80.1824,7.2677],[80.1703,7.2807],[80.1687,7.2854],[80.1631,7.2901],[80.159,7.2905],[80.154,7.2961],[80.1476,7.2994],[80.1442,7.3032],[80.143,7.3061],[80.1488,7.3124],[80.1403,7.3199],[80.1394,7.3232],[80.1242,7.3305],[80.1193,7.3262],[80.1078,7.3211],[80.1039,7.3172],[80.1023,7.3131],[80.099,7.3119],[80.0943,7.3073],[80.0873,7.3034],[80.084,7.3046],[80.0821,7.2985],[80.0592,7.2839],[80.0543,7.2844],[80.0535,7.2904],[80.0473,7.2953],[80.0467,7.2996],[80.0382,7.3035],[80.0322,7.3017],[80.0308,7.3026],[80.0291,7.3097],[80.0249,7.3123],[80.0248,7.3141],[80.0274,7.3165],[80.0267,7.3179],[80.02,7.3177],[80.0148,7.3145],[80.0141,7.3166],[80.0099,7.3176],[80.0086,7.3213],[80.0068,7.3212],[80.0043,7.3149],[79.9991,7.3145],[79.9958,7.3102],[79.9901,7.3087],[79.9881,7.3066],[79.989,7.3051],[79.9947,7.3059],[79.9944,7.3032],[79.9821,7.3014],[79.9792,7.2976],[79.9784,7.2931],[79.9722,7.2929],[79.9685,7.2892],[79.9572,7.2942],[79.9571,7.2904],[79.9518,7.2902],[79.9506,7.2889],[79.9524,7.2848],[79.9561,7.283],[79.9547,7.2805],[79.9494,7.2809],[79.9471,7.2795],[79.9476,7.2768],[79.9459,7.2739],[79.9416,7.2765],[79.9385,7.2807],[79.9339,7.2782],[79.9283,7.2829],[79.924,7.2845],[79.9236,7.2813],[79.9282,7.275],[79.9273,7.2719],[79.9245,7.272],[79.9247,7.2777],[79.915,7.2769],[79.9162,7.2698],[79.9079,7.2653],[79.9053,7.2677],[79.9096,7.2753],[79.9094,7.2797],[79.9075,7.2805],[79.907,7.2747],[79.9054,7.274],[79.9029,7.2747],[79.9008,7.281],[79.8992,7.2814],[79.8979,7.2748],[79.8848,7.2739],[79.8805,7.2807],[79.8758,7.2827],[79.871,7.2809],[79.8698,7.2754],[79.8663,7.2709],[79.8587,7.2703],[79.8565,7.2756],[79.8534,7.2773],[79.8515,7.2764],[79.8529,7.2741],[79.8522,7.2728],[79.842,7.2734],[79.8426,7.2653],[79.8409,7.2634],[79.8416,7.2489],[79.8405,7.2469],[79.839,7.2238],[79.836,7.2155],[79.8335,7.2122],[79.8287,7.2099],[79.8286,7.2078],[79.8295,7.2062],[79.8325,7.2089],[79.8372,7.2079],[79.8381,7.2059],[79.84,7.2066],[79.8382,7.2058],[79.8369,7.2013],[79.839,7.2],[79.8359,7.2005],[79.8365,7.195],[79.8445,7.1956],[79.848,7.1991],[79.8526,7.195],[79.8543,7.1894],[79.8584,7.1834],[79.8573,7.1815],[79.8608,7.1782],[79.8656,7.1695],[79.8686,7.1555],[79.8682,7.1534],[79.8663,7.1566],[79.8667,7.142],[79.8709,7.1317],[79.8711,7.1278],[79.8694,7.1236],[79.8709,7.1212],[79.8721,7.1215],[79.87,7.1177],[79.871,7.1155],[79.8744,7.1139],[79.8707,7.1142],[79.8689,7.1162],[79.8678,7.1117],[79.8653,7.1124],[79.8624,7.1177],[79.8628,7.1261],[79.86,7.1218],[79.8597,7.1178],[79.8583,7.117],[79.8592,7.114],[79.8583,7.1131],[79.8595,7.1123],[79.8557,7.1121],[79.8577,7.1056],[79.8534,7.1068],[79.8568,7.1027],[79.8562,7.1012],[79.8534,7.1064],[79.8495,7.1096],[79.8477,7.1092],[79.847,7.112],[79.8447,7.1115],[79.8472,7.1203],[79.8418,7.1253],[79.8389,7.1317],[79.8394,7.136],[79.8375,7.1439],[79.8387,7.1459],[79.8332,7.15],[79.8323,7.1593],[79.8299,7.1615],[79.8257,7.1721],[79.8253,7.1801],[79.8231,7.1817],[79.8241,7.189],[79.8266,7.1902],[79.8303,7.202],[79.8258,7.2082],[79.8194,7.2073],[79.8169,7.2035],[79.8214,7.1787],[79.8285,7.1526],[79.8404,7.1171],[79.8397,7.1161],[79.8421,7.1124],[79.8463,7.0901],[79.8682,7.0007],[79.8669,6.9991],[79.8699,6.9793],[79.8794,6.9814],[79.8835,6.9794],[79.885,6.9738],[79.8791,6.9654],[79.8792,6.9583],[79.8834,6.9543],[79.8999,6.9559],[79.8999,6.9534],[79.8963,6.9509],[79.8982,6.9479],[79.9003,6.9473],[79.9032,6.947],[79.9108,6.9504],[79.9127,6.9467],[79.9162,6.9456],[79.9189,6.947],[79.9211,6.9517],[79.9233,6.9525],[79.928,6.9491],[79.9347,6.9502],[79.9389,6.9449],[79.9431,6.9427],[79.9431,6.9395],[79.9444,6.9383],[79.9548,6.9432],[79.9631,6.9412],[79.9698,6.9376],[79.9827,6.9386],[79.9861,6.9354],[79.9896,6.9411],[79.9934,6.944],[80.001,6.9423],[80.0136,6.947],[80.0137,6.9394],[80.018,6.9328],[80.0203,6.9247],[80.0305,6.9238],[80.0402,6.919],[80.0442,6.9152],[80.0524,6.9135],[80.0544,6.9122],[80.0549,6.9075],[80.0606,6.9071],[80.0628,6.9084],[80.0642,6.9128],[80.0737,6.9082],[80.0782,6.9112],[80.0857,6.9103],[80.0884,6.9137],[80.0932,6.9123],[80.0953,6.9345],[80.0936,6.9392],[80.0977,6.9452],[80.0985,6.9515],[80.1015,6.9534],[80.1063,6.954],[80.1103,6.9596],[80.11,6.9629],[80.1143,6.9628],[80.1217,6.9654],[80.1245,6.9747],[80.1323,6.9754],[80.1517,6.9741],[80.1668,6.9708],[80.1688,6.9725],[80.1693,6.9794],[80.1792,6.9777]]]}},{"type":"Feature","properties":{"district":"hambantota","district_name":"Hambantota"},"geometry":{"type":"Polygon","coordinates":[[[80.6701,6.306],[80.66,6.3047],[80.6567,6.3026],[80.6634,6.2931],[80.6636,6.2873],[80.6543,6.2765],[80.6527,6.271],[80.6573,6.2669],[80.6609,6.26],[80.645,6.2569],[80.6385,6.2526],[80.6285,6.24],[80.6251,6.2304],[80.6252,6.2245],[80.611,6.2072],[80.6083,6.1996],[80.6118,6.1925],[80.6115,6.1885],[80.6193,6.1826],[80.625,6.1828],[80.6288,6.1813],[80.6313,6.1782],[80.6348,6.1768],[80.6354,6.171],[80.6371,6.17],[80.6387,6.1711],[80.6464,6.1692],[80.648,6.1702],[80.6518,6.1693],[80.6564,6.173],[80.6602,6.1736],[80.6623,6.1664],[80.656,6.1562],[80.6568,6.1523],[80.6551,6.1487],[80.6516,6.1469],[80.6466,6.1408],[80.6468,6.1349],[80.6481,6.1334],[80.6541,6.1329],[80.6605,6.1285],[80.6638,6.1192],[80.6871,6.1238],[80.691,6.1232],[80.6941,6.1207],[80.696,6.1155],[80.6842,6.1088],[80.6802,6.1021],[80.6834,6.0955],[80.682,6.0895],[80.6937,6.0758],[80.6937,6.0737],[80.6904,6.0717],[80.6933,6.0689],[80.6921,6.0632],[80.69,6.0598],[80.6879,6.0596],[80.683,6.0629],[80.6777,6.0604],[80.6724,6.0545],[80.6615,6.0524],[80.655,6.0431],[80.6638,6.0389],[80.6666,6.0253],[80.6694,6.0246],[80.6857,6.0274],[80.6917,6.0265],[80.6936,6.0252],[80.6948,6.0205],[80.6986,6.0185],[80.697,6.0126],[80.6869,6.0086],[80.6896,5.9947],[80.6883,5.9907],[80.6984,5.991],[80.6998,5.9937],[80.7029,5.9932],[80.7061,5.9906],[80.7112,5.989],[80.7145,5.9853],[80.722,5.9816],[80.7241,5.9787],[80.7276,5.9798],[80.7306,5.979],[80.7319,5.9782],[80.7314,5.9767],[80.7315,5.976],[80.7319,5.9752],[80.7331,5.9746],[80.7343,5.9742],[80.7319,5.9756],[80.7316,5.9767],[80.7321,5.9781],[80.7359,5.9761],[80.7344,5.972],[80.7378,5.972],[80.7392,5.9782],[80.7364,5.9787],[80.7362,5.9817],[80.7384,5.9825],[80.7386,5.9859],[80.7412,5.9873],[80.7501,5.9889],[80.7456,5.9891],[80.7451,5.9906],[80.7458,5.9945],[80.7486,5.9983],[80.7548,6.0014],[80.7608,6.0001],[80.7635,6.0018],[80.7645,6.0005],[80.7648,6.0025],[80.7675,6.0027],[80.767,6.0049],[80.7706,6.0028],[80.7739,6.0061],[80.7765,6.0063],[80.7771,6.0048],[80.7812,6.0062],[80.7807,6.0093],[80.7872,6.0125],[80.7865,6.0151],[80.79,6.016],[80.79,6.0184],[80.7924,6.0175],[80.7918,6.0188],[80.7995,6.0205],[80.8014,6.0227],[80.7996,6.0255],[80.8001,6.0234],[80.7984,6.0246],[80.799,6.0303],[80.8071,6.0372],[80.819,6.0415],[80.8471,6.0454],[80.8567,6.0449],[80.8602,6.0436],[80.8607,6.0421],[80.8632,6.0436],[80.864,6.0459],[80.8667,6.0469],[80.8656,6.0504],[80.8713,6.0582],[80.8859,6.0625],[80.9041,6.0639],[80.9288,6.0748],[80.9322,6.0758],[80.9365,6.0749],[80.9365,6.0804],[80.9433,6.0838],[80.977,6.0871],[80.9831,6.0896],[80.9862,6.0927],[80.9894,6.0926],[80.9899,6.0949],[80.9906,6.0944],[80.9931,6.0948],[80.9914,6.0948],[80.9926,6.0975],[81.0009,6.1012],[81.0196,6.1046],[81.0505,6.1068],[81.0541,6.1104],[81.0569,6.1106],[81.0701,6.1092],[81.0763,6.1116],[81.0878,6.113],[81.0893,6.1102],[81.0942,6.1089],[81.0967,6.1144],[81.1043,6.1129],[81.0975,6.1144],[81.0999,6.1187],[81.1016,6.1183],[81.0995,6.1211],[81.0972,6.1216],[81.0972,6.1278],[81.106,6.1274],[81.1056,6.1255],[81.1044,6.1261],[81.1044,6.1233],[81.1046,6.1188],[81.1061,6.1192],[81.1062,6.1167],[81.1068,6.1193],[81.1236,6.1208],[81.1276,6.1199],[81.1311,6.1212],[81.1266,6.126],[81.1304,6.1321],[81.1386,6.1355],[81.1445,6.1358],[81.1454,6.138],[81.1484,6.1387],[81.1481,6.141],[81.1507,6.1422],[81.1686,6.1455],[81.1725,6.1487],[81.173,6.1515],[81.1785,6.1555],[81.1876,6.1586],[81.2108,6.1641],[81.2261,6.1651],[81.227,6.1707],[81.2328,6.173],[81.2327,6.1773],[81.2358,6.1795],[81.2426,6.1817],[81.2707,6.1848],[81.2753,6.1864],[81.2801,6.1909],[81.2915,6.1931],[81.2946,6.1957],[81.3152,6.1989],[81.3241,6.1988],[81.3255,6.2048],[81.3398,6.2142],[81.3381,6.2142],[81.3374,6.2166],[81.3404,6.2195],[81.3365,6.2176],[81.3415,6.2235],[81.3518,6.2284],[81.3661,6.2315],[81.3687,6.2343],[81.3732,6.2351],[81.3726,6.2368],[81.3742,6.2409],[81.3797,6.2442],[81.3949,6.2468],[81.3958,6.2493],[81.4015,6.2507],[81.4043,6.2563],[81.4164,6.2647],[81.4208,6.2748],[81.4268,6.2777],[81.4278,6.28],[81.4262,6.2812],[81.4275,6.2841],[81.4353,6.2891],[81.4383,6.2941],[81.4509,6.2991],[81.4539,6.3021],[81.4813,6.3107],[81.4841,6.3142],[81.4846,6.3187],[81.483,6.3199],[81.4833,6.322],[81.4858,6.3247],[81.4947,6.3289],[81.4949,6.3319],[81.501,6.3378],[81.498,6.3397],[81.4977,6.3431],[81.5035,6.3499],[81.5199,6.3592],[81.5297,6.3625],[81.5569,6.3672],[81.56,6.3701],[81.567,6.3732],[81.5638,6.3743],[81.5636,6.3757],[81.5675,6.3819],[81.5894,6.395],[81.5997,6.3995],[81.6073,6.4088],[81.6191,6.4166],[81.6199,6.4186],[81.6157,6.42],[81.6145,6.4224],[81.616,6.4281],[81.6241,6.4348],[81.6495,6.4457],[81.654,6.452],[81.6585,6.4546],[81.6614,6.4643],[81.6931,6.4865],[81.6988,6.4958],[81.7046,6.5012],[81.7079,6.5107],[81.6993,6.5146],[81.6884,6.5136],[81.6772,6.5197],[81.671,6.5256],[81.6684,6.5335],[81.6623,6.5404],[81.656,6.5405],[81.6502,6.545],[81.6425,6.5413],[81.638,6.5422],[81.633,6.5525],[81.6217,6.5644],[81.6209,6.5711],[81.6154,6.5723],[81.6083,6.58],[81.6049,6.5688],[81.5997,6.5613],[81.5936,6.5626],[81.5887,6.5608],[81.5867,6.5555],[81.5811,6.5508],[81.5652,6.5545],[81.5469,6.5365],[81.5431,6.5362],[81.539,6.5382],[81.5329,6.5359],[81.524,6.5197],[81.5095,6.5148],[81.5021,6.5107],[81.4904,6.5024],[81.4873,6.498],[81.4821,6.4958],[81.4784,6.4868],[81.4805,6.4772],[81.4793,6.4731],[81.4821,6.4685],[81.4857,6.467],[81.4862,6.4643],[81.4842,6.4579],[81.4762,6.4488],[81.4791,6.4395],[81.4779,6.4288],[81.4798,6.4193],[81.4775,6.4142],[81.4721,6.4081],[81.4667,6.4071],[81.461,6.4133],[81.4481,6.4137],[81.4449,6.4182],[81.4397,6.4199],[81.437,6.4193],[81.4364,6.4168],[81.431,6.4163],[81.4276,6.4181],[81.4244,6.4124],[81.4204,6.4118],[81.4199,6.4092],[81.413,6.4092],[81.4008,6.4064],[81.3991,6.4083],[81.3988,6.4139],[81.3933,6.4147],[81.384,6.3985],[81.3815,6.3973],[81.3733,6.3981],[81.3673,6.3906],[81.352,6.3898],[81.3406,6.3822],[81.3321,6.3798],[81.3274,6.3823],[81.317,6.3753],[81.3145,6.3765],[81.3125,6.38],[81.298,6.3735],[81.2891,6.373],[81.2784,6.3691],[81.2755,6.3663],[81.2735,6.3551],[81.2631,6.3461],[81.2578,6.3445],[81.2535,6.3408],[81.2457,6.3434],[81.2353,6.3414],[81.2297,6.3448],[81.2256,6.3447],[81.2211,6.3495],[81.2211,6.3521],[81.2239,6.3552],[81.2244,6.3578],[81.211,6.3672],[81.2035,6.3784],[81.2034,6.3833],[81.1975,6.3868],[81.1965,6.3907],[81.1916,6.395],[81.1902,6.4017],[81.1843,6.4055],[81.1814,6.4063],[81.1767,6.4032],[81.1701,6.4028],[81.1702,6.4001],[81.1661,6.3929],[81.1569,6.3926],[81.1542,6.3939],[81.1532,6.398],[81.1506,6.3997],[81.1479,6.3989],[81.1468,6.3965],[81.1446,6.3975],[81.1423,6.4095],[81.1378,6.4144],[81.1369,6.4211],[81.1105,6.4209],[81.1012,6.4183],[81.0891,6.4241],[81.0787,6.4242],[81.0738,6.4225],[81.0709,6.4238],[81.0708,6.4207],[81.0677,6.417],[81.0673,6.4139],[81.0616,6.4113],[81.0545,6.4153],[81.0506,6.4221],[81.0491,6.4218],[81.0512,6.4174],[81.0487,6.4134],[81.0494,6.4068],[81.037,6.3913],[81.0329,6.3934],[81.0132,6.396],[81.0083,6.3878],[81.0088,6.3829],[81.0067,6.3788],[81.0075,6.3692],[81.0087,6.368],[81.015,6.3687],[81.0155,6.3671],[81.0185,6.3661],[81.0225,6.3589],[81.0201,6.3543],[81.0182,6.3447],[80.9987,6.335],[80.9909,6.3334],[80.9825,6.3283],[80.968,6.3254],[80.9653,6.3197],[80.9561,6.3137],[80.9324,6.3035],[80.9292,6.3033],[80.9214,6.2965],[80.9265,6.294],[80.9311,6.2883],[80.9344,6.2805],[80.9333,6.2758],[80.9341,6.2729],[80.9392,6.2723],[80.9413,6.2706],[80.9417,6.2593],[80.9469,6.253],[80.9477,6.2451],[80.9531,6.2388],[80.9532,6.2371],[80.9505,6.2348],[80.9459,6.2362],[80.9397,6.2279],[80.9348,6.2317],[80.934,6.2363],[80.9311,6.2401],[80.9104,6.2381],[80.8975,6.2448],[80.8926,6.2491],[80.8835,6.2457],[80.882,6.2463],[80.8692,6.2667],[80.8579,6.272],[80.8532,6.272],[80.8456,6.2692],[80.8316,6.2691],[80.8246,6.2654],[80.798,6.2671],[80.7871,6.27],[80.7831,6.2748],[80.7753,6.2769],[80.771,6.2796],[80.7598,6.2811],[80.756,6.284],[80.7411,6.2896],[80.7324,6.2966],[80.7276,6.297],[80.722,6.3],[80.7118,6.3008],[80.7084,6.3045],[80.704,6.3065],[80.6953,6.3083],[80.6743,6.3052],[80.6701,6.306]]]}},{"type":"Feature","properties":{"district":"jaffna","district_name":"Jaffna"},"geometry":{"type":"MultiPolygon","coordinates":[[[[79.7152,9.5295],[79.7001,9.5289],[79.6948,9.5305],[79.6941,9.532],[79.6922,9.5314],[79.6916,9.5337],[79.6874,9.5354],[79.6874,9.5373],[79.6849,9.5364],[79.6841,9.5393],[79.6824,9.5387],[79.6799,9.5402],[79.6802,9.5421],[79.6783,9.5422],[79.6705,9.554],[79.668,9.5529],[79.6651,9.554],[79.6637,9.5524],[79.6596,9.5561],[79.6558,9.5536],[79.657,9.552],[79.6561,9.5508],[79.6549,9.5501],[79.654,9.5513],[79.651,9.5473],[79.6523,9.5228],[79.6538,9.5211],[79.6536,9.5166],[79.6557,9.5122],[79.655,9.5051],[79.6615,9.4998],[79.6866,9.4851],[79.7037,9.4778],[79.7046,9.4758],[79.7093,9.475],[79.7113,9.4764],[79.7201,9.4744],[79.7292,9.4826],[79.7316,9.4922],[79.7262,9.5113],[79.7254,9.5239],[79.7234,9.5273],[79.7183,9.5292],[79.7165,9.528],[79.7153,9.5291],[79.7176,9.5291],[79.7152,9.5295]]],[[[79.7827,9.6873],[79.7781,9.6841],[79.7762,9.68],[79.7711,9.6751],[79.7641,9.6605],[79.7646,9.6538],[79.7698,9.6511],[79.772,9.6512],[79.7763,9.6554],[79.78,9.6555],[79.7797,9.6588],[79.787,9.6658],[79.7834,9.67],[79.7845,9.6724],[79.7831,9.6793],[79.7841,9.6846],[79.7827,9.6873]]],[[[79.8129,9.69],[79.814,9.6946],[79.8118,9.7025],[79.8148,9.711],[79.814,9.7159],[79.8096,9.7084],[79.8073,9.6951],[79.8094,9.687],[79.8119,9.6854],[79.8131,9.6857],[79.8129,9.69]]],[[[79.8553,9.7457],[79.8605,9.7372],[79.8613,9.7266],[79.8516,9.7169],[79.8502,9.7131],[79.8634,9.709],[79.8741,9.7038],[79.8803,9.7037],[79.8839,9.7083],[79.8917,9.7117],[79.8927,9.7137],[79.8922,9.7167],[79.89,9.7186],[79.8883,9.7276],[79.8945,9.7426],[79.8951,9.7495],[79.8973,9.7539],[79.897,9.7573],[79.8919,9.7637],[79.8961,9.765],[79.8999,9.7629],[79.9019,9.7668],[79.8955,9.7667],[79.8799,9.7614],[79.8654,9.7629],[79.8632,9.762],[79.8554,9.7515],[79.8553,9.7457]]],[[[80.6216,9.4595],[80.6069,9.4691],[80.594,9.4804],[80.581,9.4879],[80.5498,9.5121],[80.4857,9.5657],[80.4215,9.6155],[80.3614,9.6646],[80.3333,9.6957],[80.3223,9.7109],[80.3043,9.74],[80.2881,9.7598],[80.267,9.7932],[80.2564,9.8142],[80.2538,9.8235],[80.2468,9.8286],[80.2354,9.8281],[80.2121,9.8358],[80.1948,9.8294],[80.1691,9.8249],[80.1558,9.8263],[80.1397,9.8253],[80.1353,9.8217],[80.1328,9.8204],[80.1299,9.8212],[80.1117,9.8108],[80.1011,9.8089],[80.071,9.8114],[80.0444,9.8162],[80.0366,9.8181],[80.031,9.8231],[80.0303,9.8234],[80.0267,9.823],[80.0309,9.823],[80.0319,9.8222],[80.0312,9.8217],[80.0364,9.8178],[80.0304,9.816],[80.0194,9.817],[79.9981,9.8111],[79.992,9.8119],[79.9835,9.8099],[79.975,9.8058],[79.9706,9.8054],[79.9648,9.8012],[79.9543,9.7983],[79.9481,9.7949],[79.9433,9.7901],[79.9436,9.7864],[79.9356,9.7809],[79.9216,9.7746],[79.9145,9.7763],[79.911,9.7745],[79.9071,9.7694],[79.9088,9.767],[79.9052,9.7613],[79.9081,9.754],[79.9139,9.7516],[79.9256,9.7386],[79.9232,9.7354],[79.9263,9.7332],[79.9327,9.7221],[79.9304,9.7181],[79.9304,9.7139],[79.937,9.7043],[79.9395,9.6961],[79.9445,9.6944],[79.9452,9.6926],[79.9421,9.6921],[79.9456,9.6895],[79.9528,9.6911],[79.9546,9.6885],[79.955,9.6924],[79.96,9.6972],[79.9602,9.6991],[79.9638,9.7014],[79.9672,9.7073],[79.9673,9.7164],[79.973,9.7208],[79.9737,9.7246],[79.9717,9.7292],[79.9734,9.7324],[79.9723,9.7285],[79.974,9.7259],[79.9742,9.7207],[79.9734,9.719],[79.97,9.7177],[79.9675,9.7133],[79.9683,9.7076],[79.9668,9.7033],[79.9675,9.7011],[79.9658,9.7004],[79.9668,9.6982],[79.9799,9.6867],[79.9804,9.6848],[79.9861,9.6857],[79.9867,9.6906],[79.9888,9.6919],[79.9979,9.6881],[80.0001,9.6785],[79.9976,9.672],[80.0037,9.6635],[80.0116,9.6581],[80.0131,9.654],[80.0193,9.6499],[80.0241,9.648],[80.0249,9.649],[80.0398,9.6458],[80.043,9.6499],[80.0468,9.6498],[80.0712,9.6381],[80.082,9.6284],[80.0961,9.6189],[80.124,9.6082],[80.1316,9.6064],[80.1342,9.6083],[80.1356,9.6099],[80.1345,9.6106],[80.1327,9.6092],[80.1183,9.6137],[80.112,9.6211],[80.1122,9.6233],[80.1007,9.6296],[80.098,9.635],[80.0825,9.6405],[80.0781,9.6445],[80.0766,9.6572],[80.0775,9.6596],[80.0803,9.6558],[80.0911,9.6486],[80.1148,9.6361],[80.1372,9.6264],[80.1489,9.6187],[80.1536,9.6143],[80.1554,9.6099],[80.1679,9.5997],[80.1998,9.5808],[80.2018,9.5825],[80.2089,9.5837],[80.2084,9.5862],[80.2021,9.5873],[80.1843,9.5955],[80.185,9.6002],[80.1804,9.6137],[80.1725,9.6299],[80.1727,9.6362],[80.1694,9.6383],[80.1625,9.6361],[80.1601,9.6408],[80.1612,9.6421],[80.1566,9.6454],[80.1615,9.6525],[80.1697,9.6565],[80.1741,9.6552],[80.1933,9.6448],[80.2067,9.641],[80.2269,9.6316],[80.255,9.6146],[80.2638,9.6287],[80.2887,9.6754],[80.2955,9.6913],[80.3078,9.6747],[80.3321,9.6495],[80.3579,9.6336],[80.4006,9.611],[80.431,9.5855],[80.447,9.5748],[80.4529,9.5652],[80.4558,9.5553],[80.4548,9.5399],[80.4725,9.5212],[80.5535,9.481],[80.6011,9.4592],[80.6135,9.4566],[80.6216,9.4595]]],[[[79.8393,9.6116],[79.8417,9.6065],[79.8539,9.6051],[79.8542,9.6041],[79.8452,9.6039],[79.8419,9.6056],[79.8412,9.6016],[79.8501,9.5958],[79.8485,9.5944],[79.8461,9.5948],[79.8368,9.5989],[79.8351,9.5983],[79.8347,9.5916],[79.8253,9.5961],[79.8238,9.5995],[79.8201,9.6016],[79.821,9.6152],[79.819,9.6181],[79.8212,9.6216],[79.8204,9.6259],[79.8177,9.6242],[79.8182,9.6207],[79.8153,9.6216],[79.8135,9.6268],[79.8104,9.6249],[79.8083,9.612],[79.8069,9.6109],[79.8086,9.6058],[79.8051,9.6014],[79.8106,9.5987],[79.8091,9.5943],[79.8076,9.5936],[79.8088,9.5896],[79.8031,9.59],[79.8039,9.5878],[79.8019,9.5801],[79.8034,9.5795],[79.8032,9.5775],[79.8097,9.575],[79.843,9.5675],[79.857,9.568],[79.8614,9.5711],[79.8593,9.5773],[79.8595,9.5808],[79.8621,9.5853],[79.8586,9.5928],[79.859,9.5957],[79.8642,9.6031],[79.8624,9.6069],[79.8436,9.6194],[79.8428,9.6127],[79.8409,9.611],[79.8393,9.6116]]],[[[79.7747,9.596],[79.773,9.5987],[79.7754,9.6195],[79.7748,9.6209],[79.7706,9.622],[79.7628,9.6134],[79.7616,9.6068],[79.7632,9.6007],[79.7635,9.5897],[79.7652,9.5878],[79.7739,9.5846],[79.776,9.5912],[79.7747,9.596]]],[[[79.8581,9.6292],[79.8579,9.6319],[79.8554,9.6349],[79.8521,9.6338],[79.8541,9.6234],[79.8596,9.6174],[79.8611,9.6168],[79.862,9.6184],[79.8595,9.618],[79.861,9.6183],[79.863,9.6223],[79.861,9.6234],[79.862,9.6265],[79.8581,9.6292]]],[[[79.9824,9.6222],[79.9852,9.6307],[79.9837,9.6358],[79.9801,9.6355],[79.9817,9.6335],[79.9809,9.6319],[79.9788,9.6333],[79.9726,9.6317],[79.9632,9.6343],[79.9464,9.6449],[79.9336,9.6559],[79.9232,9.6611],[79.9264,9.6656],[79.932,9.6655],[79.9303,9.6687],[79.9286,9.6679],[79.9279,9.669],[79.9307,9.6709],[79.9312,9.6776],[79.9325,9.6739],[79.935,9.6767],[79.9292,9.68],[79.9188,9.6802],[79.9178,9.6794],[79.9231,9.6767],[79.9064,9.6718],[79.9054,9.668],[79.9108,9.6662],[79.9147,9.6603],[79.9085,9.6642],[79.9061,9.6642],[79.9064,9.6625],[79.9101,9.6611],[79.9145,9.6516],[79.9039,9.6619],[79.8964,9.6741],[79.8961,9.6759],[79.8998,9.6801],[79.8994,9.684],[79.8934,9.6879],[79.8913,9.6952],[79.8866,9.6991],[79.8835,9.6995],[79.8779,9.6939],[79.8725,9.6931],[79.8678,9.6962],[79.8624,9.7035],[79.8501,9.7007],[79.8413,9.7034],[79.8402,9.7011],[79.8409,9.6979],[79.8495,9.6911],[79.8494,9.6892],[79.8464,9.6885],[79.8439,9.6854],[79.8468,9.6762],[79.8571,9.6613],[79.8619,9.658],[79.8682,9.6586],[79.8728,9.6697],[79.878,9.6664],[79.8733,9.6574],[79.8663,9.6566],[79.8645,9.6537],[79.8652,9.6494],[79.8688,9.6443],[79.8688,9.6391],[79.8722,9.6349],[79.8743,9.6361],[79.88,9.6335],[79.9003,9.6163],[79.9052,9.616],[79.9081,9.6175],[79.9118,9.6226],[79.9133,9.6292],[79.918,9.6329],[79.9354,9.6307],[79.9489,9.6249],[79.9622,9.6142],[79.9706,9.6125],[79.9748,9.6123],[79.9748,9.6159],[79.9813,9.6218],[79.9835,9.6208],[79.9854,9.6129],[79.9817,9.6127],[79.978,9.6054],[79.968,9.6057],[79.9655,9.6086],[79.9672,9.6099],[79.9656,9.6109],[79.965,9.6079],[79.9681,9.6043],[79.9755,9.6],[79.9878,9.5971],[79.9952,9.6019],[80.0007,9.6036],[80.0066,9.6152],[80.0057,9.6158],[80.0039,9.6132],[80.0043,9.6163],[80.0029,9.6169],[80.0038,9.6158],[80.0027,9.6146],[80.003,9.6197],[80.0084,9.6287],[80.0039,9.6426],[79.9976,9.647],[79.9947,9.6508],[79.994,9.6453],[79.991,9.6448],[79.9912,9.641],[79.9855,9.6429],[79.9888,9.6397],[79.99,9.6297],[79.9878,9.625],[79.9833,9.6212],[79.981,9.6224],[79.9824,9.6222]]]]}},{"type":"Feature","properties":{"district":"kalutara","district_name":"Kalutara"},"geometry":{"type":"Polygon","coordinates":[[[80.3813,6.4256],[80.3793,6.4283],[80.3803,6.4342],[80.3613,6.4587],[80.3563,6.4689],[80.3381,6.4931],[80.3276,6.5121],[80.313,6.5342],[80.3045,6.5392],[80.3046,6.5468],[80.2955,6.5613],[80.2953,6.5641],[80.2984,6.5666],[80.3146,6.5712],[80.3065,6.5859],[80.3032,6.5959],[80.2979,6.599],[80.2982,6.6003],[80.2935,6.6039],[80.2825,6.6179],[80.2747,6.6178],[80.272,6.6197],[80.2608,6.6226],[80.255,6.627],[80.2537,6.6315],[80.2495,6.637],[80.2489,6.6423],[80.2516,6.6459],[80.2517,6.6486],[80.2516,6.6538],[80.2498,6.6546],[80.2494,6.6586],[80.2455,6.6643],[80.2433,6.6652],[80.2417,6.6703],[80.229,6.6779],[80.2207,6.6904],[80.2158,6.6919],[80.2076,6.7133],[80.2028,6.7205],[80.204,6.7226],[80.2014,6.7264],[80.1987,6.7273],[80.1993,6.7314],[80.2054,6.7305],[80.2041,6.7386],[80.1925,6.761],[80.1896,6.7721],[80.1921,6.7818],[80.1901,6.7856],[80.1866,6.7876],[80.186,6.7924],[80.1809,6.7967],[80.1767,6.8121],[80.1777,6.8158],[80.1742,6.8199],[80.1713,6.8155],[80.1642,6.8144],[80.1569,6.823],[80.1493,6.8241],[80.143,6.819],[80.1337,6.8159],[80.1247,6.8089],[80.1164,6.8052],[80.1162,6.8013],[80.1213,6.7966],[80.1207,6.7936],[80.1232,6.7909],[80.1256,6.7843],[80.1246,6.7743],[80.1198,6.7704],[80.1114,6.7698],[80.106,6.7734],[80.1022,6.7804],[80.1012,6.7872],[80.098,6.7914],[80.0981,6.8035],[80.0907,6.8081],[80.0886,6.8149],[80.0848,6.814],[80.0789,6.8167],[80.0754,6.8153],[80.0692,6.8054],[80.0657,6.7937],[80.0615,6.7939],[80.0583,6.7918],[80.0548,6.7924],[80.0454,6.7987],[80.042,6.8049],[80.0351,6.8064],[80.0338,6.8019],[80.0259,6.7929],[80.0137,6.7888],[80.0151,6.7861],[80.0117,6.7846],[80.0095,6.7796],[80.0056,6.7775],[80.0045,6.7726],[79.9936,6.767],[79.9907,6.7624],[79.9834,6.7623],[79.9786,6.759],[79.969,6.7612],[79.9618,6.7585],[79.9579,6.7587],[79.9519,6.7615],[79.9478,6.7564],[79.9466,6.7506],[79.9443,6.7492],[79.9259,6.7479],[79.9178,6.7497],[79.9166,6.7527],[79.9184,6.7578],[79.9163,6.7619],[79.9037,6.7693],[79.8978,6.7761],[79.8911,6.7769],[79.8879,6.7752],[79.8866,6.7719],[79.8934,6.7639],[79.8927,6.7545],[79.8949,6.7516],[79.8953,6.747],[79.9013,6.7332],[79.904,6.7188],[79.902,6.7156],[79.8996,6.7164],[79.9171,6.6822],[79.9353,6.6414],[79.9482,6.6071],[79.9513,6.5936],[79.9558,6.5837],[79.9591,6.5698],[79.9642,6.5569],[79.9637,6.5536],[79.9659,6.5519],[79.9666,6.5473],[79.9696,6.5435],[79.9815,6.5116],[79.9803,6.5072],[79.9791,6.5078],[79.9789,6.506],[79.976,6.5055],[79.9826,6.4885],[79.9827,6.4775],[79.9792,6.4766],[79.9734,6.4703],[79.9751,6.4667],[79.9745,6.4597],[79.9775,6.4559],[79.9772,6.4523],[79.9801,6.448],[79.9877,6.4431],[79.9863,6.4403],[79.9876,6.4404],[79.9886,6.4416],[79.992,6.4398],[79.9967,6.4289],[79.999,6.427],[80.004,6.4293],[80.0078,6.437],[80.011,6.4375],[80.0191,6.4341],[80.0233,6.4316],[80.0268,6.4234],[80.0302,6.4197],[80.0388,6.4198],[80.044,6.4152],[80.0514,6.4137],[80.0562,6.4092],[80.0614,6.4085],[80.0634,6.4071],[80.0671,6.3996],[80.0697,6.398],[80.0769,6.3983],[80.0822,6.4023],[80.0875,6.4018],[80.0953,6.3959],[80.1138,6.386],[80.1192,6.3789],[80.1222,6.3712],[80.1285,6.369],[80.1307,6.3657],[80.1323,6.3679],[80.136,6.3662],[80.1389,6.3674],[80.1546,6.3672],[80.1693,6.3601],[80.1868,6.3581],[80.1894,6.3545],[80.1967,6.358],[80.2012,6.3578],[80.2023,6.3591],[80.2074,6.3596],[80.2066,6.3634],[80.208,6.3669],[80.2066,6.3689],[80.2067,6.372],[80.21,6.3708],[80.212,6.3715],[80.2175,6.3801],[80.2307,6.377],[80.2411,6.3766],[80.2455,6.3725],[80.2473,6.3675],[80.2531,6.3656],[80.2693,6.3499],[80.2759,6.3491],[80.2821,6.342],[80.2856,6.3348],[80.2901,6.3316],[80.2936,6.3261],[80.2968,6.3249],[80.299,6.3258],[80.3009,6.3354],[80.2992,6.3458],[80.2946,6.3545],[80.2903,6.3704],[80.2902,6.3918],[80.299,6.3977],[80.3046,6.3955],[80.3133,6.3969],[80.3346,6.411],[80.3521,6.4192],[80.3567,6.4173],[80.3591,6.4204],[80.3689,6.4268],[80.3716,6.4262],[80.376,6.4277],[80.3796,6.4248],[80.3813,6.4256]]]}},{"type":"Feature","properties":{"district":"kandy","district_name":"Kandy"},"geometry":{"type":"Polygon","coordinates":[[[80.9742,7.4884],[80.9589,7.4876],[80.9572,7.4897],[80.9456,7.4868],[80.9412,7.4897],[80.9324,7.4896],[80.9311,7.4888],[80.9322,7.4818],[80.9283,7.4796],[80.927,7.4756],[80.923,7.4748],[80.9216,7.4699],[80.9196,7.4683],[80.9182,7.4614],[80.9095,7.4649],[80.9076,7.4639],[80.9065,7.4586],[80.9028,7.4638],[80.8991,7.4747],[80.8866,7.4732],[80.8851,7.4696],[80.882,7.4697],[80.8795,7.4674],[80.8805,7.4647],[80.8793,7.464],[80.8731,7.47],[80.8627,7.4748],[80.8501,7.4725],[80.8397,7.4631],[80.8342,7.4621],[80.8314,7.46],[80.8204,7.4599],[80.8069,7.4476],[80.8084,7.4401],[80.8018,7.4388],[80.7903,7.4278],[80.7854,7.4305],[80.7786,7.4301],[80.7739,7.4379],[80.764,7.4416],[80.7607,7.4487],[80.7533,7.4486],[80.7402,7.4634],[80.7325,7.4646],[80.733,7.4716],[80.731,7.4743],[80.7278,7.4746],[80.7184,7.4668],[80.7062,7.4632],[80.7012,7.4573],[80.7041,7.452],[80.7041,7.446],[80.7066,7.4385],[80.7112,7.4319],[80.7121,7.4261],[80.7092,7.4236],[80.7091,7.4195],[80.7068,7.4141],[80.7082,7.4044],[80.7064,7.4009],[80.706,7.3952],[80.7009,7.3923],[80.6984,7.387],[80.6825,7.3874],[80.6765,7.3868],[80.6712,7.3841],[80.6598,7.3857],[80.654,7.3846],[80.6411,7.3966],[80.6335,7.399],[80.6297,7.3988],[80.6247,7.4019],[80.6145,7.4144],[80.5999,7.4207],[80.5934,7.4282],[80.5917,7.4293],[80.5877,7.4283],[80.5788,7.4388],[80.5731,7.4405],[80.5744,7.4421],[80.5719,7.4537],[80.5699,7.4536],[80.5685,7.4572],[80.5663,7.4575],[80.5577,7.4562],[80.5552,7.4496],[80.543,7.4523],[80.5403,7.4497],[80.544,7.4481],[80.5482,7.4422],[80.5489,7.4406],[80.546,7.4371],[80.5469,7.4343],[80.5538,7.4265],[80.5565,7.4195],[80.549,7.4149],[80.5385,7.4218],[80.5391,7.4196],[80.5373,7.4186],[80.538,7.4156],[80.5328,7.4172],[80.531,7.4191],[80.5291,7.4183],[80.5303,7.4137],[80.5294,7.4122],[80.5197,7.4123],[80.5186,7.4139],[80.5168,7.4137],[80.5155,7.4063],[80.5194,7.3993],[80.5185,7.3962],[80.515,7.3947],[80.518,7.3918],[80.518,7.3893],[80.5153,7.3896],[80.5114,7.386],[80.5062,7.3867],[80.4935,7.3946],[80.48,7.407],[80.4771,7.4081],[80.4736,7.4065],[80.4703,7.4128],[80.4616,7.411],[80.4619,7.4053],[80.4656,7.4026],[80.4697,7.4022],[80.4722,7.3937],[80.4698,7.3927],[80.4702,7.3891],[80.4643,7.3766],[80.4579,7.3745],[80.4551,7.3663],[80.4514,7.3617],[80.4542,7.3572],[80.4581,7.3566],[80.4598,7.3526],[80.459,7.3513],[80.457,7.35],[80.453,7.3511],[80.4452,7.3574],[80.4373,7.3533],[80.4262,7.3596],[80.4221,7.3552],[80.4265,7.3323],[80.43,7.3295],[80.4313,7.3264],[80.44,7.3189],[80.4441,7.3182],[80.4472,7.3157],[80.455,7.313],[80.4576,7.3062],[80.4633,7.3028],[80.4814,7.2848],[80.4832,7.2801],[80.4811,7.2766],[80.4807,7.2726],[80.476,7.2697],[80.4798,7.2665],[80.4795,7.2636],[80.4891,7.2627],[80.4941,7.2584],[80.504,7.258],[80.5086,7.2535],[80.5085,7.2493],[80.5105,7.2452],[80.5188,7.2409],[80.5225,7.2345],[80.5224,7.2203],[80.5212,7.218],[80.5126,7.213],[80.5133,7.2081],[80.5159,7.2039],[80.5198,7.2027],[80.5263,7.1977],[80.5336,7.1863],[80.5451,7.1786],[80.5481,7.1694],[80.5466,7.1667],[80.5334,7.166],[80.5293,7.1617],[80.5293,7.1593],[80.5321,7.1581],[80.5346,7.1504],[80.5295,7.1516],[80.5258,7.1465],[80.5222,7.1518],[80.5185,7.1495],[80.5143,7.1503],[80.5103,7.149],[80.5097,7.1417],[80.5066,7.1378],[80.5063,7.1336],[80.5025,7.1345],[80.5004,7.1318],[80.5005,7.128],[80.4922,7.1284],[80.4821,7.1247],[80.48,7.1251],[80.4784,7.1275],[80.4703,7.1223],[80.4558,7.1221],[80.4501,7.1161],[80.4458,7.1137],[80.4453,7.1113],[80.4542,7.1013],[80.4552,7.0944],[80.4588,7.086],[80.4597,7.0779],[80.4637,7.0705],[80.4647,7.0654],[80.4659,7.0643],[80.4692,7.0665],[80.4711,7.0652],[80.4709,7.0628],[80.4638,7.0575],[80.4609,7.0473],[80.4609,7.0313],[80.4634,7.0284],[80.4734,7.0373],[80.4772,7.0357],[80.4827,7.0294],[80.4872,7.0288],[80.4891,7.026],[80.4975,7.0261],[80.4989,7.0241],[80.4971,7.0198],[80.5034,7.0144],[80.5055,7.0072],[80.513,6.9967],[80.513,6.9909],[80.5159,6.9822],[80.5209,6.9765],[80.5401,6.962],[80.5421,6.9565],[80.5462,6.9527],[80.5531,6.9405],[80.564,6.939],[80.5672,6.9453],[80.578,6.9444],[80.5787,6.946],[80.5768,6.9536],[80.5777,6.9594],[80.5895,6.9649],[80.5928,6.9729],[80.5923,6.9803],[80.5941,6.9858],[80.5961,6.9884],[80.6014,6.9907],[80.6028,6.9945],[80.5902,7.0081],[80.5853,7.0194],[80.575,7.0253],[80.573,7.0279],[80.5731,7.0303],[80.5618,7.0403],[80.5607,7.0433],[80.562,7.0479],[80.5598,7.0489],[80.5608,7.05],[80.5593,7.0541],[80.5521,7.065],[80.5496,7.0655],[80.5455,7.062],[80.542,7.063],[80.5397,7.0589],[80.5381,7.0618],[80.54,7.0642],[80.5412,7.0734],[80.5431,7.0758],[80.5467,7.0757],[80.5477,7.0773],[80.5526,7.0788],[80.5543,7.0816],[80.5582,7.08],[80.5595,7.0771],[80.5611,7.0768],[80.5716,7.082],[80.5742,7.0763],[80.5779,7.0744],[80.5859,7.0772],[80.5943,7.0777],[80.5964,7.0754],[80.6088,7.0773],[80.6137,7.0762],[80.621,7.0789],[80.6271,7.0793],[80.633,7.0853],[80.6336,7.0905],[80.6371,7.0952],[80.6378,7.0993],[80.6486,7.1029],[80.6638,7.1018],[80.6778,7.0937],[80.6874,7.0918],[80.6889,7.0927],[80.6915,7.0969],[80.6904,7.0991],[80.6939,7.1025],[80.6976,7.1129],[80.706,7.1232],[80.7101,7.1258],[80.7106,7.1289],[80.7151,7.1351],[80.7211,7.1391],[80.7241,7.1506],[80.7299,7.1587],[80.7391,7.1618],[80.7439,7.1704],[80.7643,7.1913],[80.7662,7.1954],[80.7709,7.1983],[80.7662,7.2152],[80.7689,7.2172],[80.7694,7.2226],[80.7657,7.2245],[80.7645,7.2268],[80.7658,7.2301],[80.7645,7.2333],[80.7667,7.2368],[80.7608,7.2394],[80.753,7.2512],[80.7559,7.2545],[80.7504,7.27],[80.7522,7.2736],[80.7545,7.2739],[80.7601,7.2692],[80.778,7.249],[80.7832,7.2475],[80.7854,7.2412],[80.789,7.2369],[80.794,7.2336],[80.7965,7.2289],[80.8017,7.2264],[80.8028,7.2215],[80.8007,7.2186],[80.8028,7.2128],[80.8023,7.2051],[80.8108,7.1987],[80.816,7.1983],[80.8231,7.1944],[80.8378,7.1944],[80.8504,7.1903],[80.8613,7.1943],[80.8675,7.192],[80.8749,7.1949],[80.8804,7.1945],[80.882,7.1926],[80.8804,7.1856],[80.8824,7.1817],[80.8849,7.1808],[80.8874,7.1818],[80.8925,7.1877],[80.8958,7.1961],[80.8985,7.1989],[80.9075,7.1992],[80.9173,7.2024],[80.9277,7.1996],[80.9417,7.202],[80.9458,7.2004],[80.955,7.1995],[80.9623,7.1959],[80.9685,7.1975],[80.9729,7.1963],[80.9744,7.2002],[80.9778,7.2034],[80.9833,7.2126],[80.9887,7.2143],[81.0007,7.2134],[81.0082,7.2165],[81.0165,7.2334],[81.0129,7.2413],[81.0116,7.254],[81.0058,7.269],[81.0002,7.2936],[80.9946,7.3033],[80.9891,7.3182],[80.986,7.3379],[80.9763,7.3629],[80.9756,7.3708],[80.9797,7.3787],[80.9827,7.3937],[80.9786,7.4042],[80.971,7.4091],[80.9695,7.4133],[80.9705,7.42],[80.9752,7.427],[80.9727,7.4625],[80.9752,7.4835],[80.9742,7.4884]]]}},{"type":"Feature","properties":{"district":"kegalle","district_name":"Kegalle"},"geometry":{"type":"Polygon","coordinates":[[[80.2117,6.9179],[80.2141,6.9176],[80.2161,6.9188],[80.2169,6.9211],[80.2192,6.9214],[80.2191,6.9261],[80.2213,6.927],[80.224,6.9311],[80.2265,6.9245],[80.2287,6.9255],[80.2306,6.9242],[80.2332,6.9031],[80.2356,6.9026],[80.241,6.9075],[80.2484,6.9014],[80.2508,6.9015],[80.2547,6.8925],[80.2583,6.8894],[80.2607,6.8892],[80.2688,6.8743],[80.2822,6.8701],[80.2827,6.8677],[80.2813,6.8658],[80.2849,6.8625],[80.2849,6.8555],[80.2906,6.8563],[80.2948,6.8551],[80.2972,6.8594],[80.3017,6.8584],[80.3065,6.862],[80.3108,6.8623],[80.3189,6.8553],[80.3248,6.8412],[80.3287,6.8363],[80.3375,6.8314],[80.3396,6.8326],[80.3405,6.8301],[80.3426,6.8311],[80.3424,6.8333],[80.3487,6.8346],[80.348,6.8418],[80.3562,6.8461],[80.3574,6.8497],[80.3622,6.8484],[80.3669,6.8516],[80.3796,6.8544],[80.3831,6.8496],[80.3889,6.85],[80.3907,6.8537],[80.3954,6.8555],[80.4,6.8597],[80.4146,6.8487],[80.4212,6.8454],[80.424,6.8398],[80.43,6.8421],[80.432,6.8481],[80.4348,6.8445],[80.4409,6.8418],[80.4404,6.8386],[80.4421,6.836],[80.4516,6.8331],[80.4583,6.8368],[80.4774,6.8309],[80.4878,6.8326],[80.496,6.8317],[80.5038,6.8357],[80.5114,6.8475],[80.5094,6.8528],[80.5004,6.8573],[80.5002,6.8655],[80.4949,6.8717],[80.4948,6.8758],[80.498,6.8805],[80.498,6.887],[80.4913,6.8932],[80.4865,6.8932],[80.48,6.8985],[80.4735,6.8981],[80.4674,6.9018],[80.4625,6.8998],[80.4601,6.9002],[80.4548,6.9061],[80.4483,6.9068],[80.4428,6.9107],[80.4383,6.9123],[80.4351,6.9114],[80.433,6.9136],[80.4349,6.919],[80.4344,6.9219],[80.4375,6.9226],[80.438,6.9416],[80.4392,6.9447],[80.4376,6.9558],[80.4439,6.9617],[80.4456,6.9654],[80.444,6.9692],[80.4441,6.9746],[80.4402,6.976],[80.4378,6.9784],[80.4361,6.9841],[80.4324,6.9857],[80.4331,6.9926],[80.4376,6.9981],[80.4422,6.9976],[80.4502,6.9993],[80.4515,7.0031],[80.4567,7.0065],[80.4605,7.0127],[80.4642,7.0135],[80.4674,7.0171],[80.4661,7.0222],[80.4681,7.0243],[80.4643,7.0244],[80.4634,7.0284],[80.4609,7.0313],[80.4609,7.0473],[80.4638,7.0575],[80.4709,7.0628],[80.4711,7.0652],[80.4692,7.0665],[80.4659,7.0643],[80.4647,7.0654],[80.4637,7.0705],[80.4597,7.0779],[80.4588,7.086],[80.4552,7.0944],[80.4542,7.1013],[80.4453,7.1113],[80.4458,7.1137],[80.4501,7.1161],[80.4558,7.1221],[80.4703,7.1223],[80.4784,7.1275],[80.48,7.1251],[80.4821,7.1247],[80.4922,7.1284],[80.5005,7.128],[80.5004,7.1318],[80.5025,7.1345],[80.5063,7.1336],[80.5066,7.1378],[80.5097,7.1417],[80.5103,7.149],[80.5143,7.1503],[80.5185,7.1495],[80.5222,7.1518],[80.5258,7.1465],[80.5295,7.1516],[80.5346,7.1504],[80.5321,7.1581],[80.5293,7.1593],[80.5293,7.1617],[80.5334,7.166],[80.5466,7.1667],[80.5481,7.1694],[80.5451,7.1786],[80.5336,7.1863],[80.5263,7.1977],[80.5198,7.2027],[80.5159,7.2039],[80.5133,7.2081],[80.5126,7.213],[80.5212,7.218],[80.5224,7.2203],[80.5225,7.2345],[80.5188,7.2409],[80.5105,7.2452],[80.5085,7.2493],[80.5086,7.2535],[80.504,7.258],[80.4941,7.2584],[80.4891,7.2627],[80.4795,7.2636],[80.4798,7.2665],[80.476,7.2697],[80.4807,7.2726],[80.4811,7.2766],[80.4832,7.2801],[80.4814,7.2848],[80.4633,7.3028],[80.4576,7.3062],[80.455,7.313],[80.4472,7.3157],[80.4441,7.3182],[80.44,7.3189],[80.4313,7.3264],[80.43,7.3295],[80.4265,7.3323],[80.4221,7.3552],[80.4144,7.3567],[80.4171,7.3683],[80.4167,7.373],[80.4116,7.383],[80.4075,7.386],[80.401,7.3876],[80.3923,7.3965],[80.3805,7.3943],[80.377,7.3919],[80.3569,7.3866],[80.347,7.3877],[80.3453,7.3821],[80.35,7.3776],[80.3559,7.3611],[80.3538,7.3563],[80.3486,7.3557],[80.3424,7.3511],[80.3443,7.3438],[80.3484,7.3417],[80.35,7.3392],[80.3382,7.3212],[80.3215,7.3288],[80.3167,7.3212],[80.3118,7.3228],[80.3068,7.3196],[80.2885,7.315],[80.2793,7.3184],[80.2625,7.3078],[80.2548,7.3045],[80.2258,7.2819],[80.2138,7.2747],[80.2039,7.2591],[80.1956,7.2582],[80.2003,7.2494],[80.2002,7.2449],[80.1867,7.2361],[80.1896,7.2264],[80.1884,7.2246],[80.189,7.2209],[80.1846,7.2132],[80.1865,7.2049],[80.1831,7.1996],[80.1843,7.1963],[80.1815,7.1936],[80.1705,7.196],[80.166,7.1929],[80.1607,7.1932],[80.16,7.1913],[80.1612,7.1883],[80.1595,7.1846],[80.1552,7.1859],[80.1541,7.1915],[80.1519,7.1931],[80.1502,7.1899],[80.1469,7.1899],[80.1454,7.1883],[80.1534,7.1832],[80.1572,7.164],[80.1568,7.1579],[80.1546,7.152],[80.1599,7.1306],[80.1627,7.1269],[80.1651,7.1264],[80.1717,7.1325],[80.1766,7.133],[80.1833,7.1383],[80.1944,7.1377],[80.1981,7.135],[80.2023,7.1376],[80.2092,7.135],[80.2127,7.132],[80.2123,7.1302],[80.2072,7.1281],[80.2033,7.1195],[80.1992,7.1171],[80.1964,7.1116],[80.1962,7.1024],[80.1856,7.1052],[80.1873,7.1008],[80.188,7.0899],[80.177,7.0827],[80.174,7.073],[80.167,7.0673],[80.1667,7.0624],[80.1629,7.0587],[80.1634,7.0546],[80.1681,7.0475],[80.1679,7.041],[80.1703,7.034],[80.1711,7.0219],[80.1747,7.015],[80.1784,7.0004],[80.1811,6.9961],[80.1812,6.9814],[80.1792,6.9777],[80.1836,6.975],[80.1873,6.9759],[80.1894,6.9784],[80.1992,6.9762],[80.2072,6.9787],[80.2132,6.9766],[80.2149,6.9741],[80.2171,6.9753],[80.2182,6.9726],[80.2175,6.9564],[80.2224,6.9504],[80.2231,6.9408],[80.2204,6.9367],[80.213,6.9388],[80.2082,6.938],[80.2123,6.9253],[80.2117,6.9179]]]}},{"type":"Feature","properties":{"district":"kilinochchi","district_name":"Kilinochchi"},"geometry":{"type":"MultiPolygon","coordinates":[[[[80.0101,9.4724],[80.0096,9.467],[80.0118,9.4658],[80.0149,9.467],[80.0141,9.47],[80.0175,9.4749],[80.0178,9.4812],[80.0143,9.4846],[80.0054,9.4847],[80.004,9.4802],[80.0101,9.4724]]],[[[79.984,9.3067],[79.9782,9.2979],[79.9742,9.2963],[79.9729,9.2971],[79.9717,9.2957],[79.9709,9.2903],[79.9718,9.2859],[79.9741,9.2822],[79.9776,9.2801],[79.9841,9.2846],[79.9912,9.2841],[79.9962,9.2808],[79.9968,9.2759],[79.9998,9.2706],[80.0021,9.2714],[80.0068,9.2773],[80.0053,9.2868],[80.0013,9.2873],[79.998,9.29],[79.9962,9.2858],[79.9919,9.2883],[79.9916,9.2915],[79.9932,9.2911],[79.9949,9.2928],[79.9927,9.2938],[79.9886,9.2997],[79.9875,9.3021],[79.9882,9.3049],[79.9863,9.3068],[79.984,9.3067]]],[[[80.0554,9.3309],[80.0588,9.3296],[80.0607,9.3314],[80.0578,9.3331],[80.0594,9.3407],[80.0574,9.3421],[80.0566,9.3482],[80.0538,9.3454],[80.0519,9.3382],[80.0532,9.3323],[80.0554,9.3309]]],[[[80.255,9.6146],[80.3077,9.5845],[80.3421,9.561],[80.3535,9.5513],[80.3526,9.5491],[80.372,9.5314],[80.3847,9.5132],[80.3881,9.5142],[80.3879,9.517],[80.3902,9.5195],[80.3982,9.5203],[80.3996,9.518],[80.4013,9.5178],[80.405,9.5196],[80.4058,9.5157],[80.4027,9.5129],[80.3993,9.5126],[80.3907,9.5153],[80.3931,9.5114],[80.3924,9.5102],[80.397,9.5039],[80.3927,9.4988],[80.3924,9.4916],[80.3895,9.484],[80.383,9.4829],[80.3826,9.4841],[80.3811,9.4834],[80.3812,9.4816],[80.3787,9.4804],[80.3773,9.4812],[80.3759,9.48],[80.3756,9.4811],[80.3735,9.48],[80.3723,9.477],[80.3737,9.4768],[80.368,9.4724],[80.3521,9.4672],[80.3486,9.4675],[80.3443,9.4723],[80.34,9.4734],[80.3363,9.4643],[80.3387,9.4607],[80.3325,9.4553],[80.3219,9.4579],[80.3167,9.4618],[80.3119,9.4618],[80.3059,9.4579],[80.3074,9.4528],[80.3105,9.4523],[80.3134,9.4478],[80.3112,9.4479],[80.3078,9.4513],[80.3059,9.45],[80.3088,9.4478],[80.308,9.4462],[80.3093,9.4428],[80.3071,9.442],[80.3061,9.4432],[80.3073,9.4447],[80.3047,9.4462],[80.3064,9.4484],[80.3037,9.4522],[80.304,9.4542],[80.3021,9.4555],[80.2968,9.4578],[80.2939,9.4569],[80.2922,9.4587],[80.2925,9.4574],[80.2899,9.4552],[80.2925,9.4516],[80.29,9.4525],[80.2887,9.4501],[80.2863,9.4505],[80.2863,9.4517],[80.2891,9.4517],[80.2898,9.4533],[80.2882,9.4561],[80.286,9.454],[80.2805,9.4549],[80.2671,9.4594],[80.2538,9.4674],[80.2443,9.4674],[80.2358,9.4743],[80.2453,9.4769],[80.2573,9.4712],[80.2609,9.4743],[80.2645,9.4744],[80.2639,9.4757],[80.2653,9.4768],[80.2742,9.4765],[80.2777,9.475],[80.276,9.4777],[80.2628,9.483],[80.2553,9.4884],[80.2475,9.4977],[80.2485,9.5061],[80.2608,9.4972],[80.2642,9.4993],[80.2768,9.4973],[80.2818,9.4951],[80.2406,9.5203],[80.2238,9.5346],[80.2214,9.5351],[80.223,9.5331],[80.2206,9.5275],[80.2062,9.5331],[80.1975,9.5383],[80.1945,9.5418],[80.196,9.5454],[80.1871,9.545],[80.1796,9.5409],[80.1706,9.5437],[80.143,9.5592],[80.1262,9.5778],[80.1199,9.5778],[80.1207,9.5736],[80.1134,9.5751],[80.1136,9.5774],[80.1074,9.5829],[80.1076,9.5856],[80.103,9.5882],[80.0977,9.5882],[80.0923,9.5934],[80.0656,9.5999],[80.0617,9.6035],[80.0648,9.6082],[80.0616,9.6115],[80.0602,9.6111],[80.0583,9.6045],[80.056,9.6038],[80.052,9.5992],[80.0899,9.5789],[80.1153,9.5611],[80.147,9.5353],[80.1631,9.5194],[80.1754,9.5039],[80.1822,9.494],[80.186,9.4856],[80.1805,9.4714],[80.17,9.4668],[80.1548,9.4453],[80.1451,9.4364],[80.1276,9.4269],[80.1257,9.4274],[80.1216,9.4255],[80.1223,9.4245],[80.111,9.4167],[80.0883,9.4083],[80.083,9.4046],[80.0811,9.4057],[80.0726,9.4026],[80.0577,9.3943],[80.0536,9.3896],[80.0531,9.3796],[80.0562,9.3744],[80.0545,9.3724],[80.0545,9.3652],[80.0614,9.3588],[80.0622,9.3563],[80.0588,9.3495],[80.0603,9.3482],[80.06,9.3459],[80.0634,9.3425],[80.0612,9.337],[80.0634,9.3309],[80.0729,9.3256],[80.0892,9.3256],[80.1142,9.3082],[80.1228,9.2974],[80.1199,9.289],[80.1141,9.2851],[80.11,9.2757],[80.1112,9.2699],[80.1186,9.2621],[80.1208,9.2538],[80.1163,9.2429],[80.1204,9.2258],[80.117,9.2168],[80.12,9.2124],[80.1175,9.2119],[80.1154,9.2091],[80.1177,9.2086],[80.1201,9.2117],[80.149,9.2111],[80.174,9.2248],[80.1918,9.2373],[80.1977,9.2354],[80.2053,9.2365],[80.2181,9.2341],[80.2202,9.2386],[80.2164,9.2497],[80.2136,9.2767],[80.2337,9.2951],[80.2407,9.2974],[80.2642,9.3029],[80.2794,9.2978],[80.3105,9.3067],[80.3213,9.3085],[80.3874,9.3001],[80.395,9.301],[80.4065,9.308],[80.4078,9.3395],[80.4408,9.3425],[80.5187,9.3451],[80.5185,9.3591],[80.5291,9.3795],[80.5276,9.3896],[80.5293,9.3908],[80.5296,9.3963],[80.5312,9.399],[80.5305,9.4038],[80.532,9.4052],[80.5457,9.3885],[80.5523,9.3841],[80.5586,9.3765],[80.5854,9.3627],[80.5871,9.3761],[80.5842,9.3819],[80.5861,9.3918],[80.584,9.3957],[80.5864,9.401],[80.5864,9.4083],[80.5951,9.4175],[80.5977,9.4146],[80.5996,9.4147],[80.6053,9.4192],[80.607,9.4236],[80.6095,9.4257],[80.6142,9.4434],[80.61,9.4454],[80.6074,9.4488],[80.6092,9.4489],[80.6125,9.4451],[80.6155,9.4478],[80.6153,9.4531],[80.6135,9.4566],[80.6011,9.4592],[80.5535,9.481],[80.4725,9.5212],[80.4548,9.5399],[80.4558,9.5553],[80.4529,9.5652],[80.447,9.5748],[80.431,9.5855],[80.4006,9.611],[80.3579,9.6336],[80.3321,9.6495],[80.3078,9.6747],[80.2955,9.6913],[80.2887,9.6754],[80.2638,9.6287],[80.255,9.6146]]]]}},{"type":"Feature","properties":{"district":"kurunegala","district_name":"Kurunegala"},"geometry":{"type":"Polygon","coordinates":[[[80.1019,8.1973],[80.1028,8.1923],[80.1058,8.1893],[80.1002,8.1671],[80.1019,8.1589],[80.1067,8.1521],[80.1098,8.1418],[80.1101,8.1315],[80.1144,8.1163],[80.1153,8.096],[80.1186,8.0933],[80.1285,8.0789],[80.1435,8.0749],[80.1498,8.0707],[80.1533,8.0662],[80.1471,8.048],[80.1458,8.0345],[80.1486,8.0183],[80.1437,8.0063],[80.1495,7.9974],[80.1362,7.9752],[80.1332,7.965],[80.134,7.9602],[80.1384,7.9579],[80.1484,7.9417],[80.1423,7.9374],[80.1372,7.938],[80.1326,7.9348],[80.1291,7.9386],[80.1288,7.941],[80.1222,7.9471],[80.1144,7.9507],[80.1109,7.9501],[80.1067,7.9407],[80.1086,7.9363],[80.1087,7.9293],[80.1011,7.9242],[80.0989,7.9143],[80.0928,7.9158],[80.0937,7.9214],[80.0895,7.9185],[80.0755,7.9158],[80.0723,7.9136],[80.0742,7.9084],[80.0742,7.8926],[80.0721,7.89],[80.0669,7.889],[80.0663,7.8731],[80.0631,7.872],[80.0592,7.8735],[80.053,7.8733],[80.0493,7.8673],[80.0421,7.8655],[80.0382,7.8605],[80.0387,7.8587],[80.0413,7.8582],[80.0394,7.8551],[80.0374,7.8444],[80.034,7.8416],[80.0274,7.8417],[80.0237,7.8389],[80.0206,7.8388],[80.0167,7.8366],[80.0155,7.8343],[80.0096,7.8338],[80.0062,7.8313],[80.0053,7.8267],[80.0114,7.816],[80.0098,7.8144],[79.999,7.8126],[79.9973,7.8099],[79.9944,7.7929],[80.0023,7.7786],[79.9995,7.7725],[79.9956,7.7696],[79.9936,7.7631],[79.9934,7.7584],[80.0012,7.7491],[79.9987,7.7431],[79.9966,7.7421],[79.9952,7.7431],[79.9872,7.7391],[79.9776,7.732],[79.9757,7.7239],[79.9669,7.7201],[79.9639,7.7202],[79.9616,7.7179],[79.9586,7.7202],[79.9553,7.72],[79.9535,7.7167],[79.9527,7.7091],[79.954,7.702],[79.9457,7.7008],[79.9409,7.6965],[79.9429,7.6933],[79.954,7.6943],[79.9557,7.6916],[79.9633,7.6868],[79.96,7.6835],[79.9594,7.6751],[79.9583,7.673],[79.9482,7.676],[79.9474,7.682],[79.9459,7.682],[79.943,7.6773],[79.9411,7.6766],[79.9354,7.6809],[79.9287,7.6746],[79.9306,7.6655],[79.9291,7.6617],[79.9237,7.6579],[79.9239,7.6556],[79.9316,7.653],[79.9338,7.6507],[79.93,7.647],[79.9252,7.6469],[79.9229,7.6453],[79.9214,7.6337],[79.9175,7.6293],[79.9105,7.6262],[79.9057,7.6166],[79.909,7.5978],[79.9025,7.5809],[79.9005,7.5597],[79.9053,7.5058],[79.9375,7.3493],[79.94,7.3274],[79.9424,7.281],[79.9416,7.2765],[79.9459,7.2739],[79.9476,7.2768],[79.9471,7.2795],[79.9494,7.2809],[79.9547,7.2805],[79.9561,7.283],[79.9524,7.2848],[79.9506,7.2889],[79.9518,7.2902],[79.9571,7.2904],[79.9572,7.2942],[79.9685,7.2892],[79.9722,7.2929],[79.9784,7.2931],[79.9792,7.2976],[79.9821,7.3014],[79.9944,7.3032],[79.9947,7.3059],[79.989,7.3051],[79.9881,7.3066],[79.9901,7.3087],[79.9958,7.3102],[79.9991,7.3145],[80.0043,7.3149],[80.0068,7.3212],[80.0086,7.3213],[80.0099,7.3176],[80.0141,7.3166],[80.0148,7.3145],[80.02,7.3177],[80.0267,7.3179],[80.0274,7.3165],[80.0248,7.3141],[80.0249,7.3123],[80.0291,7.3097],[80.0308,7.3026],[80.0322,7.3017],[80.0382,7.3035],[80.0467,7.2996],[80.0473,7.2953],[80.0535,7.2904],[80.0543,7.2844],[80.0592,7.2839],[80.0821,7.2985],[80.084,7.3046],[80.0873,7.3034],[80.0943,7.3073],[80.099,7.3119],[80.1023,7.3131],[80.1039,7.3172],[80.1078,7.3211],[80.1193,7.3262],[80.1242,7.3305],[80.1394,7.3232],[80.1403,7.3199],[80.1488,7.3124],[80.143,7.3061],[80.1442,7.3032],[80.1476,7.2994],[80.154,7.2961],[80.159,7.2905],[80.1631,7.2901],[80.1687,7.2854],[80.1703,7.2807],[80.1824,7.2677],[80.1851,7.2612],[80.1905,7.2638],[80.1956,7.2582],[80.2039,7.2591],[80.2138,7.2747],[80.2258,7.2819],[80.2548,7.3045],[80.2625,7.3078],[80.2793,7.3184],[80.2885,7.315],[80.3068,7.3196],[80.3118,7.3228],[80.3167,7.3212],[80.3215,7.3288],[80.3382,7.3212],[80.35,7.3392],[80.3484,7.3417],[80.3443,7.3438],[80.3424,7.3511],[80.3486,7.3557],[80.3538,7.3563],[80.3559,7.3611],[80.35,7.3776],[80.3453,7.3821],[80.347,7.3877],[80.3569,7.3866],[80.377,7.3919],[80.3805,7.3943],[80.3923,7.3965],[80.401,7.3876],[80.4075,7.386],[80.4116,7.383],[80.4167,7.373],[80.4171,7.3683],[80.4144,7.3567],[80.4221,7.3552],[80.4262,7.3596],[80.4373,7.3533],[80.4452,7.3574],[80.453,7.3511],[80.457,7.35],[80.459,7.3513],[80.4598,7.3526],[80.4581,7.3566],[80.4542,7.3572],[80.4514,7.3617],[80.4551,7.3663],[80.4579,7.3745],[80.4643,7.3766],[80.4702,7.3891],[80.4698,7.3927],[80.4722,7.3937],[80.4697,7.4022],[80.4656,7.4026],[80.4619,7.4053],[80.4616,7.411],[80.4703,7.4128],[80.4736,7.4065],[80.4771,7.4081],[80.48,7.407],[80.4935,7.3946],[80.5062,7.3867],[80.5114,7.386],[80.5153,7.3896],[80.518,7.3893],[80.518,7.3918],[80.515,7.3947],[80.5185,7.3962],[80.5194,7.3993],[80.5155,7.4063],[80.5168,7.4137],[80.5186,7.4139],[80.5197,7.4123],[80.5294,7.4122],[80.5303,7.4137],[80.5291,7.4183],[80.531,7.4191],[80.5328,7.4172],[80.538,7.4156],[80.5373,7.4186],[80.5391,7.4196],[80.5385,7.4218],[80.549,7.4149],[80.5565,7.4195],[80.5538,7.4265],[80.5469,7.4343],[80.546,7.4371],[80.5489,7.4406],[80.5482,7.4422],[80.544,7.4481],[80.5403,7.4497],[80.543,7.4523],[80.5552,7.4496],[80.5577,7.4562],[80.5663,7.4575],[80.5648,7.4694],[80.5699,7.4746],[80.57,7.4778],[80.5745,7.477],[80.5764,7.4787],[80.5747,7.4836],[80.571,7.4871],[80.5743,7.491],[80.5714,7.4924],[80.5726,7.4966],[80.571,7.5011],[80.5738,7.5087],[80.569,7.5111],[80.5689,7.5167],[80.5631,7.5139],[80.5653,7.5174],[80.5636,7.519],[80.5652,7.5205],[80.5657,7.5242],[80.5571,7.5378],[80.5528,7.5386],[80.5546,7.5478],[80.5527,7.5511],[80.5567,7.5638],[80.5615,7.5683],[80.5626,7.5728],[80.5671,7.5728],[80.5689,7.5761],[80.5713,7.5766],[80.5751,7.5749],[80.5733,7.5808],[80.5737,7.5867],[80.569,7.594],[80.5743,7.5969],[80.5741,7.6006],[80.5779,7.605],[80.5663,7.6207],[80.5658,7.6311],[80.5544,7.6351],[80.5536,7.6388],[80.5491,7.6422],[80.5498,7.6484],[80.5481,7.6496],[80.5486,7.6542],[80.5458,7.6549],[80.5453,7.6612],[80.5463,7.6623],[80.5519,7.662],[80.5538,7.6663],[80.5535,7.6737],[80.5495,7.679],[80.5503,7.6861],[80.5484,7.6887],[80.549,7.6926],[80.5474,7.6978],[80.5495,7.7053],[80.5454,7.7087],[80.5366,7.7089],[80.5363,7.7198],[80.5383,7.7228],[80.5373,7.7389],[80.5339,7.7436],[80.5295,7.7444],[80.5257,7.7545],[80.521,7.7608],[80.5197,7.7724],[80.5168,7.7748],[80.5036,7.7744],[80.5032,7.7797],[80.4991,7.7826],[80.4965,7.8093],[80.5002,7.8136],[80.4998,7.8164],[80.4839,7.8231],[80.4833,7.8293],[80.4798,7.8312],[80.479,7.841],[80.4691,7.85],[80.4753,7.8564],[80.4798,7.8773],[80.4744,7.8958],[80.4686,7.8996],[80.4659,7.9047],[80.4627,7.9178],[80.4611,7.9453],[80.4572,7.9463],[80.4523,7.9524],[80.4475,7.9551],[80.4418,7.9541],[80.4336,7.9479],[80.4274,7.9491],[80.4187,7.9533],[80.426,7.9629],[80.4228,7.9762],[80.4241,7.9824],[80.4222,7.9921],[80.4154,8.0072],[80.4181,8.0125],[80.4194,8.0436],[80.4161,8.0446],[80.4135,8.0485],[80.4047,8.0549],[80.3962,8.0532],[80.3924,8.048],[80.3855,8.0514],[80.3804,8.0565],[80.37,8.0578],[80.3636,8.0671],[80.3583,8.069],[80.349,8.081],[80.344,8.081],[80.3392,8.0849],[80.337,8.0888],[80.3325,8.0895],[80.3241,8.0971],[80.3172,8.1122],[80.3081,8.1171],[80.3012,8.1155],[80.294,8.1186],[80.2899,8.1173],[80.286,8.1188],[80.2806,8.1159],[80.2744,8.1172],[80.2664,8.1154],[80.2631,8.1178],[80.2608,8.1241],[80.2512,8.1332],[80.2429,8.1352],[80.2326,8.1401],[80.2151,8.1436],[80.2119,8.1456],[80.2107,8.1496],[80.2071,8.1535],[80.2009,8.1542],[80.1953,8.152],[80.1919,8.1531],[80.1882,8.1515],[80.1851,8.1541],[80.1859,8.1599],[80.1839,8.1621],[80.1787,8.1636],[80.1727,8.1628],[80.1655,8.1641],[80.1509,8.1756],[80.1377,8.1766],[80.1343,8.1793],[80.123,8.1813],[80.1169,8.1866],[80.1101,8.1888],[80.1086,8.191],[80.11,8.1931],[80.1077,8.1959],[80.1019,8.1973]]]}},{"type":"Feature","properties":{"district":"mannar","district_name":"Mannar"},"geometry":{"type":"MultiPolygon","coordinates":[[[[80.1154,9.2091],[80.1103,9.1974],[80.1082,9.1996],[80.1093,9.2009],[80.1074,9.2008],[80.1046,9.1936],[80.1067,9.1818],[80.1041,9.1791],[80.1039,9.1753],[80.1012,9.1719],[80.1,9.1598],[80.0862,9.1429],[80.0833,9.1381],[80.084,9.1363],[80.0811,9.13],[80.0763,9.127],[80.0754,9.1246],[80.0788,9.1214],[80.0759,9.117],[80.0747,9.1046],[80.0771,9.1014],[80.0737,9.0975],[80.0742,9.0936],[80.0692,9.0883],[80.072,9.0783],[80.0615,9.0572],[80.0577,9.0531],[80.0514,9.041],[80.051,9.0353],[80.0485,9.0298],[80.0386,9.0192],[80.0415,9.0163],[80.0388,9.016],[80.0387,9.0147],[80.0376,9.0155],[80.0378,9.0143],[80.0302,9.0166],[80.0158,9.0126],[80.0138,9.0116],[80.0167,9.0103],[80.0145,9.007],[80.0102,9.0076],[80.0059,9.0022],[79.9921,8.995],[79.9906,8.9957],[79.9916,8.9901],[79.9871,8.9763],[79.9837,8.9735],[79.9765,8.9715],[79.9738,8.9729],[79.968,8.9694],[79.9553,8.9578],[79.9555,8.9553],[79.9475,8.9473],[79.9361,8.9456],[79.9317,8.9429],[79.9206,8.9456],[79.9112,8.9388],[79.9146,8.9384],[79.9173,8.9335],[79.9157,8.932],[79.9165,8.9303],[79.9185,8.932],[79.9199,8.9284],[79.9178,8.9271],[79.9282,8.9181],[79.9321,8.9164],[79.929,8.9151],[79.9294,8.9128],[79.9272,8.9115],[79.9287,8.9074],[79.9333,8.9084],[79.9327,8.9042],[79.9356,8.9012],[79.9308,8.9036],[79.9278,8.9023],[79.9315,8.8985],[79.9286,8.8958],[79.9299,8.89],[79.9294,8.8735],[79.9241,8.8569],[79.92,8.8353],[79.9155,8.8263],[79.915,8.8126],[79.9175,8.8083],[79.9166,8.8067],[79.9174,8.8036],[79.9256,8.7943],[79.9347,8.7805],[79.939,8.7691],[79.939,8.7651],[79.9598,8.7241],[79.9582,8.7202],[79.9531,8.7163],[79.9503,8.7117],[79.9514,8.693],[79.9498,8.6896],[79.9523,8.6798],[79.9495,8.6722],[79.9495,8.6659],[79.9441,8.6607],[79.9425,8.6514],[79.9425,8.6469],[79.9476,8.6322],[79.9409,8.6161],[79.9379,8.6153],[79.9321,8.6104],[79.9318,8.6079],[79.9204,8.5939],[79.919,8.589],[79.9198,8.5673],[79.9275,8.5645],[79.9376,8.556],[79.9429,8.5565],[79.949,8.5593],[79.9566,8.5526],[79.9651,8.5501],[79.9776,8.5529],[79.9903,8.5426],[79.9919,8.5419],[79.9959,8.5443],[80.0009,8.5445],[80.0061,8.5402],[80.008,8.5357],[80.0228,8.5326],[80.0324,8.5272],[80.0336,8.5244],[80.0433,8.5222],[80.0485,8.5231],[80.0504,8.5219],[80.0504,8.5494],[80.0522,8.5699],[80.0517,8.5939],[80.0553,8.637],[80.0444,8.6732],[80.062,8.664],[80.0636,8.6608],[80.0725,8.659],[80.0801,8.6536],[80.0837,8.6541],[80.0866,8.6562],[80.0951,8.6524],[80.1005,8.6537],[80.1049,8.6506],[80.1104,8.6509],[80.1138,8.6494],[80.2354,8.6804],[80.2329,8.6851],[80.2255,8.6903],[80.2212,8.7007],[80.2158,8.7022],[80.2131,8.7091],[80.203,8.717],[80.1987,8.7272],[80.1942,8.7335],[80.1875,8.7365],[80.1854,8.7415],[80.1709,8.7488],[80.17,8.7522],[80.176,8.7634],[80.1787,8.7723],[80.1778,8.7746],[80.198,8.7647],[80.2073,8.7891],[80.2185,8.8107],[80.2297,8.8279],[80.2974,8.8203],[80.3175,8.8306],[80.3359,8.8317],[80.3438,8.8335],[80.3572,8.8392],[80.3649,8.8385],[80.3713,8.84],[80.3939,8.8491],[80.4025,8.8569],[80.4005,8.8758],[80.3861,8.9071],[80.3802,8.9364],[80.3759,8.9384],[80.3754,8.9427],[80.3677,8.948],[80.3622,8.948],[80.3577,8.9516],[80.3531,8.9522],[80.3497,8.9567],[80.3421,8.9576],[80.3401,8.959],[80.3285,8.9596],[80.3197,8.9577],[80.2495,8.9516],[80.175,8.9503],[80.178,8.955],[80.1771,8.9713],[80.1825,8.9759],[80.1894,8.9777],[80.1901,8.9794],[80.189,8.985],[80.183,8.9892],[80.1814,8.9926],[80.1763,8.9949],[80.1762,8.9966],[80.1949,9.0459],[80.2061,9.0519],[80.2151,9.0526],[80.22,9.0548],[80.2166,9.0786],[80.2161,9.0973],[80.2257,9.1132],[80.2214,9.1231],[80.2171,9.1432],[80.1955,9.176],[80.1918,9.2373],[80.174,9.2248],[80.149,9.2111],[80.1201,9.2117],[80.1177,9.2086],[80.1154,9.2091]]],[[[79.9138,8.9418],[79.9183,8.9548],[79.9131,8.9569],[79.9108,8.9557],[79.9029,8.9424],[79.9062,8.939],[79.9138,8.9418]]],[[[79.9023,8.9468],[79.9092,8.9556],[79.9079,8.9586],[79.9027,8.9617],[79.8959,8.9602],[79.8913,8.9557],[79.8922,8.9522],[79.8931,8.9529],[79.9023,8.9468]]],[[[79.8907,8.9556],[79.8864,8.965],[79.8945,8.9622],[79.897,8.9652],[79.8963,8.9679],[79.907,8.9711],[79.9126,8.9755],[79.9265,8.9755],[79.9279,8.978],[79.9265,8.9825],[79.9014,8.9959],[79.8827,9.0131],[79.8768,9.0201],[79.8717,9.0295],[79.871,9.0336],[79.8686,9.036],[79.8679,9.0426],[79.8656,9.0425],[79.8631,9.0443],[79.86,9.0531],[79.8531,9.0611],[79.86,9.0574],[79.8598,9.0552],[79.8624,9.0526],[79.8624,9.047],[79.8698,9.0431],[79.8705,9.0374],[79.9135,9.0169],[79.9183,9.0103],[79.9275,9.0097],[79.9262,9.0123],[79.9216,9.0142],[79.9097,9.0239],[79.91,9.0254],[79.9032,9.0332],[79.9026,9.036],[79.8918,9.045],[79.8917,9.0478],[79.8621,9.0726],[79.8513,9.0786],[79.7981,9.0963],[79.7791,9.1015],[79.7499,9.1064],[79.7313,9.1078],[79.7099,9.1048],[79.6987,9.1],[79.698,9.0975],[79.6943,9.0966],[79.6929,9.0948],[79.6968,9.0958],[79.6952,9.0935],[79.6898,9.0915],[79.691,9.0871],[79.6937,9.0893],[79.6981,9.0829],[79.6954,9.0805],[79.6877,9.0813],[79.6841,9.0784],[79.6862,9.076],[79.6938,9.0784],[79.7135,9.0769],[79.7293,9.0738],[79.7468,9.0682],[79.7739,9.057],[79.7942,9.0463],[79.8117,9.0351],[79.8418,9.0122],[79.8612,8.9945],[79.8761,8.9773],[79.8907,8.9556]]]]}},{"type":"Feature","properties":{"district":"matale","district_name":"Matale"},"geometry":{"type":"Polygon","coordinates":[[[80.9891,7.7217],[80.9803,7.7161],[80.972,7.7172],[80.9488,7.7128],[80.9426,7.7136],[80.9377,7.7101],[80.9279,7.7083],[80.925,7.7096],[80.922,7.7083],[80.9168,7.7119],[80.912,7.7125],[80.9065,7.7159],[80.8884,7.7144],[80.8836,7.7151],[80.8819,7.698],[80.8769,7.6797],[80.8714,7.6849],[80.8703,7.6895],[80.8609,7.6878],[80.8555,7.6909],[80.8526,7.6946],[80.8549,7.6969],[80.8531,7.7011],[80.8491,7.6988],[80.8464,7.6932],[80.8419,7.6923],[80.84,7.6846],[80.8369,7.6813],[80.8253,7.6787],[80.8209,7.6799],[80.8178,7.6764],[80.8093,7.6717],[80.8048,7.6796],[80.7845,7.6796],[80.7788,7.6779],[80.7738,7.684],[80.7708,7.6838],[80.7679,7.6913],[80.761,7.6956],[80.7656,7.6952],[80.7698,7.6905],[80.773,7.694],[80.7745,7.7019],[80.7738,7.7084],[80.7697,7.715],[80.7638,7.734],[80.7628,7.75],[80.7636,7.7774],[80.7659,7.7868],[80.7612,7.7922],[80.7688,7.8023],[80.7764,7.8022],[80.7816,7.8056],[80.7844,7.8041],[80.7857,7.8001],[80.7956,7.8049],[80.7935,7.8173],[80.794,7.8187],[80.7971,7.8188],[80.8024,7.822],[80.8054,7.8307],[80.8078,7.8477],[80.811,7.852],[80.8099,7.8627],[80.8113,7.8649],[80.8134,7.8869],[80.8194,7.9092],[80.8196,7.9245],[80.8298,7.9399],[80.834,7.9542],[80.8393,7.9581],[80.8533,7.9627],[80.84,7.9722],[80.8256,7.9713],[80.8206,7.9775],[80.8205,7.9809],[80.8148,7.9835],[80.7991,7.9766],[80.7998,7.9649],[80.7985,7.9606],[80.7879,7.9625],[80.7784,7.9682],[80.7776,7.9807],[80.7795,7.9948],[80.7744,7.9985],[80.7723,7.9956],[80.7711,8.0005],[80.7605,8.0068],[80.7561,8.0123],[80.7504,8.0113],[80.7439,8.006],[80.74,8.006],[80.719,7.999],[80.7191,7.9973],[80.713,7.9915],[80.7059,7.9918],[80.6823,7.9567],[80.6685,7.9634],[80.6587,7.9601],[80.6565,7.9483],[80.6529,7.9466],[80.6552,7.9251],[80.6541,7.9152],[80.6426,7.9096],[80.6324,7.9002],[80.6346,7.8946],[80.6379,7.8939],[80.639,7.8885],[80.637,7.8864],[80.6299,7.8858],[80.6229,7.8826],[80.6228,7.8686],[80.6159,7.8686],[80.6122,7.8645],[80.6095,7.8637],[80.6074,7.8606],[80.5998,7.8558],[80.5931,7.8581],[80.5919,7.8648],[80.5902,7.8672],[80.5861,7.8665],[80.5831,7.868],[80.576,7.8684],[80.5704,7.8624],[80.5691,7.855],[80.5652,7.8489],[80.5445,7.8392],[80.5244,7.8273],[80.5078,7.8282],[80.4999,7.8261],[80.5011,7.8199],[80.4998,7.8164],[80.5002,7.8136],[80.4965,7.8093],[80.4991,7.7826],[80.5032,7.7797],[80.5036,7.7744],[80.5168,7.7748],[80.5197,7.7724],[80.521,7.7608],[80.5257,7.7545],[80.5295,7.7444],[80.5339,7.7436],[80.5373,7.7389],[80.5383,7.7228],[80.5363,7.7198],[80.5366,7.7089],[80.5454,7.7087],[80.5495,7.7053],[80.5474,7.6978],[80.549,7.6926],[80.5484,7.6887],[80.5503,7.6861],[80.5495,7.679],[80.5535,7.6737],[80.5538,7.6663],[80.5519,7.662],[80.5463,7.6623],[80.5453,7.6612],[80.5458,7.6549],[80.5486,7.6542],[80.5481,7.6496],[80.5498,7.6484],[80.5491,7.6422],[80.5536,7.6388],[80.5544,7.6351],[80.5658,7.6311],[80.5663,7.6207],[80.5779,7.605],[80.5741,7.6006],[80.5743,7.5969],[80.569,7.594],[80.5737,7.5867],[80.5733,7.5808],[80.5751,7.5749],[80.5713,7.5766],[80.5689,7.5761],[80.5671,7.5728],[80.5626,7.5728],[80.5615,7.5683],[80.5567,7.5638],[80.5527,7.5511],[80.5546,7.5478],[80.5528,7.5386],[80.5571,7.5378],[80.5657,7.5242],[80.5652,7.5205],[80.5636,7.519],[80.5653,7.5174],[80.5631,7.5139],[80.5689,7.5167],[80.569,7.5111],[80.5738,7.5087],[80.571,7.5011],[80.5726,7.4966],[80.5714,7.4924],[80.5743,7.491],[80.571,7.4871],[80.5747,7.4836],[80.5764,7.4787],[80.5745,7.477],[80.57,7.4778],[80.5699,7.4746],[80.5648,7.4694],[80.5663,7.4575],[80.5685,7.4572],[80.5699,7.4536],[80.5719,7.4537],[80.5744,7.4421],[80.5731,7.4405],[80.5788,7.4388],[80.5877,7.4283],[80.5917,7.4293],[80.5934,7.4282],[80.5999,7.4207],[80.6145,7.4144],[80.6247,7.4019],[80.6297,7.3988],[80.6335,7.399],[80.6411,7.3966],[80.654,7.3846],[80.6598,7.3857],[80.6712,7.3841],[80.6765,7.3868],[80.6825,7.3874],[80.6984,7.387],[80.7009,7.3923],[80.706,7.3952],[80.7064,7.4009],[80.7082,7.4044],[80.7068,7.4141],[80.7091,7.4195],[80.7092,7.4236],[80.7121,7.4261],[80.7112,7.4319],[80.7066,7.4385],[80.7041,7.446],[80.7041,7.452],[80.7012,7.4573],[80.7062,7.4632],[80.7184,7.4668],[80.7278,7.4746],[80.731,7.4743],[80.733,7.4716],[80.7325,7.4646],[80.7402,7.4634],[80.7533,7.4486],[80.7607,7.4487],[80.764,7.4416],[80.7739,7.4379],[80.7786,7.4301],[80.7854,7.4305],[80.7903,7.4278],[80.8018,7.4388],[80.8084,7.4401],[80.8069,7.4476],[80.8204,7.4599],[80.8314,7.46],[80.8342,7.4621],[80.8397,7.4631],[80.8501,7.4725],[80.8627,7.4748],[80.8731,7.47],[80.8793,7.464],[80.8805,7.4647],[80.8795,7.4674],[80.882,7.4697],[80.8851,7.4696],[80.8866,7.4732],[80.8991,7.4747],[80.9028,7.4638],[80.9065,7.4586],[80.9076,7.4639],[80.9095,7.4649],[80.9182,7.4614],[80.9196,7.4683],[80.9216,7.4699],[80.923,7.4748],[80.927,7.4756],[80.9283,7.4796],[80.9322,7.4818],[80.9311,7.4888],[80.9324,7.4896],[80.9412,7.4897],[80.9456,7.4868],[80.9572,7.4897],[80.9589,7.4876],[80.9742,7.4884],[80.9711,7.534],[80.9717,7.5666],[80.9732,7.5777],[80.9775,7.5872],[80.9757,7.5978],[80.9793,7.6117],[80.9779,7.625],[80.9817,7.6432],[80.993,7.657],[80.9947,7.6615],[80.9928,7.6777],[80.9875,7.6888],[80.9926,7.6987],[80.9918,7.7121],[80.9891,7.7217]]]}},{"type":"Feature","properties":{"district":"matara","district_name":"Matara"},"geometry":{"type":"Polygon","coordinates":[[[80.3818,5.9653],[80.3903,5.965],[80.3985,5.9605],[80.4098,5.9571],[80.4127,5.9588],[80.4186,5.9547],[80.4203,5.9588],[80.4217,5.9593],[80.4216,5.9643],[80.4262,5.9703],[80.438,5.9725],[80.449,5.9678],[80.4539,5.9633],[80.4546,5.9592],[80.4514,5.9562],[80.4531,5.9516],[80.4518,5.9479],[80.4483,5.9477],[80.4506,5.9503],[80.4478,5.9473],[80.4437,5.9465],[80.4471,5.9462],[80.4468,5.9452],[80.4538,5.9412],[80.4547,5.9439],[80.4575,5.9447],[80.4672,5.9409],[80.4684,5.9389],[80.4743,5.9374],[80.4856,5.9368],[80.4938,5.9402],[80.5197,5.9354],[80.5265,5.9359],[80.5294,5.9386],[80.5331,5.9375],[80.5435,5.9431],[80.5573,5.9415],[80.573,5.9376],[80.5736,5.9359],[80.5777,5.9346],[80.5844,5.9276],[80.5847,5.9259],[80.5825,5.9243],[80.5852,5.925],[80.5854,5.9211],[80.5838,5.9206],[80.5819,5.9232],[80.584,5.9198],[80.5915,5.919],[80.5944,5.9195],[80.5943,5.9219],[80.5929,5.9222],[80.595,5.9261],[80.6007,5.9256],[80.6022,5.9276],[80.6036,5.9263],[80.6133,5.9303],[80.6136,5.9329],[80.616,5.9302],[80.62,5.9325],[80.6197,5.9347],[80.6175,5.9353],[80.6173,5.9369],[80.6189,5.9392],[80.6213,5.9389],[80.6213,5.9435],[80.6226,5.9453],[80.6291,5.9469],[80.631,5.9453],[80.633,5.9469],[80.6338,5.9454],[80.6361,5.948],[80.6376,5.9466],[80.637,5.9452],[80.6397,5.9459],[80.6391,5.9441],[80.6402,5.9442],[80.6419,5.9456],[80.6416,5.9495],[80.6436,5.9525],[80.6495,5.9548],[80.6731,5.9595],[80.6781,5.9583],[80.6807,5.9598],[80.6829,5.9586],[80.6845,5.9599],[80.6862,5.9581],[80.6883,5.9624],[80.6974,5.9634],[80.7001,5.9613],[80.6995,5.9592],[80.7067,5.9592],[80.7066,5.9619],[80.7081,5.9628],[80.7098,5.9597],[80.7131,5.9609],[80.7172,5.9599],[80.7187,5.9614],[80.7199,5.9595],[80.722,5.9598],[80.7215,5.9612],[80.7188,5.9616],[80.7194,5.9629],[80.7173,5.9645],[80.7193,5.9663],[80.7199,5.9636],[80.7204,5.9657],[80.7185,5.9685],[80.7231,5.9734],[80.7221,5.977],[80.7241,5.9787],[80.722,5.9816],[80.7145,5.9853],[80.7112,5.989],[80.7061,5.9906],[80.7029,5.9932],[80.6998,5.9937],[80.6984,5.991],[80.6883,5.9907],[80.6896,5.9947],[80.6869,6.0086],[80.697,6.0126],[80.6986,6.0185],[80.6948,6.0205],[80.6936,6.0252],[80.6917,6.0265],[80.6857,6.0274],[80.6694,6.0246],[80.6666,6.0253],[80.6638,6.0389],[80.655,6.0431],[80.6615,6.0524],[80.6724,6.0545],[80.6777,6.0604],[80.683,6.0629],[80.6879,6.0596],[80.69,6.0598],[80.6921,6.0632],[80.6933,6.0689],[80.6904,6.0717],[80.6937,6.0737],[80.6937,6.0758],[80.682,6.0895],[80.6834,6.0955],[80.6802,6.1021],[80.6842,6.1088],[80.696,6.1155],[80.6941,6.1207],[80.691,6.1232],[80.6871,6.1238],[80.6638,6.1192],[80.6605,6.1285],[80.6541,6.1329],[80.6481,6.1334],[80.6468,6.1349],[80.6466,6.1408],[80.6516,6.1469],[80.6551,6.1487],[80.6568,6.1523],[80.656,6.1562],[80.6623,6.1664],[80.6602,6.1736],[80.6564,6.173],[80.6518,6.1693],[80.648,6.1702],[80.6464,6.1692],[80.6387,6.1711],[80.6371,6.17],[80.6354,6.171],[80.6348,6.1768],[80.6313,6.1782],[80.6288,6.1813],[80.625,6.1828],[80.6193,6.1826],[80.6115,6.1885],[80.6118,6.1925],[80.6083,6.1996],[80.611,6.2072],[80.6252,6.2245],[80.6251,6.2304],[80.6285,6.24],[80.6385,6.2526],[80.645,6.2569],[80.6609,6.26],[80.6573,6.2669],[80.6527,6.271],[80.6543,6.2765],[80.6636,6.2873],[80.6634,6.2931],[80.6567,6.3026],[80.66,6.3047],[80.6701,6.306],[80.6697,6.3187],[80.6717,6.3207],[80.6745,6.3204],[80.6752,6.3218],[80.6708,6.327],[80.6645,6.3273],[80.6628,6.3319],[80.6602,6.3329],[80.6594,6.3356],[80.6572,6.3372],[80.6598,6.3396],[80.6634,6.3398],[80.6613,6.3538],[80.6314,6.3515],[80.6254,6.3488],[80.6168,6.3477],[80.6128,6.3452],[80.6112,6.3459],[80.6065,6.3597],[80.6096,6.3658],[80.6175,6.3711],[80.6156,6.3811],[80.6166,6.3838],[80.6201,6.3867],[80.6207,6.3934],[80.6188,6.3963],[80.6143,6.395],[80.6109,6.3966],[80.6025,6.3961],[80.597,6.3975],[80.5827,6.3934],[80.5788,6.3906],[80.5712,6.3941],[80.5653,6.3943],[80.5549,6.3895],[80.5528,6.3911],[80.5521,6.3948],[80.5496,6.3961],[80.5452,6.3946],[80.5447,6.3891],[80.5352,6.3895],[80.5338,6.3882],[80.5337,6.3743],[80.528,6.3743],[80.5133,6.3697],[80.5088,6.3708],[80.5031,6.3674],[80.4953,6.3676],[80.4883,6.3639],[80.4824,6.3667],[80.4781,6.3652],[80.4648,6.3518],[80.4605,6.3515],[80.4606,6.3487],[80.4641,6.3442],[80.4644,6.3387],[80.4694,6.3332],[80.4752,6.3302],[80.4784,6.3234],[80.4855,6.3213],[80.4865,6.3167],[80.4905,6.3125],[80.4919,6.306],[80.4957,6.2996],[80.4869,6.2919],[80.4857,6.2845],[80.4801,6.2862],[80.4751,6.2804],[80.4674,6.2819],[80.4613,6.2895],[80.4539,6.2888],[80.4529,6.2919],[80.4474,6.2976],[80.4461,6.3013],[80.4392,6.3033],[80.4326,6.3076],[80.4291,6.3155],[80.4218,6.3182],[80.4144,6.3233],[80.4046,6.3337],[80.399,6.3336],[80.3928,6.3291],[80.3855,6.3313],[80.3789,6.3276],[80.3775,6.3251],[80.3864,6.3101],[80.3935,6.3034],[80.4033,6.2995],[80.4132,6.2929],[80.4149,6.2853],[80.4226,6.2761],[80.4214,6.2746],[80.4219,6.2727],[80.4309,6.2622],[80.4359,6.2596],[80.4392,6.2546],[80.436,6.2521],[80.4352,6.2483],[80.4413,6.2405],[80.441,6.2385],[80.4355,6.2366],[80.4404,6.2279],[80.44,6.226],[80.4267,6.2142],[80.4208,6.2141],[80.4158,6.2172],[80.4078,6.2166],[80.3927,6.2216],[80.3869,6.2197],[80.3845,6.2226],[80.3834,6.221],[80.3868,6.2162],[80.3922,6.2134],[80.3979,6.2051],[80.4031,6.1904],[80.3892,6.1876],[80.3879,6.1862],[80.3918,6.1794],[80.3909,6.1776],[80.3961,6.1716],[80.396,6.1696],[80.3913,6.1661],[80.3856,6.1669],[80.3847,6.1652],[80.3825,6.1534],[80.3862,6.1379],[80.3894,6.1327],[80.4004,6.1284],[80.4053,6.12],[80.4061,6.114],[80.4129,6.1097],[80.4206,6.1106],[80.4238,6.1083],[80.4229,6.1044],[80.4389,6.0937],[80.4381,6.0878],[80.4367,6.0864],[80.4275,6.083],[80.4178,6.0762],[80.4108,6.0691],[80.4094,6.0614],[80.4047,6.0529],[80.3991,6.0516],[80.3942,6.0576],[80.3893,6.0546],[80.3899,6.0381],[80.3916,6.0339],[80.3963,6.0309],[80.4121,6.0323],[80.4139,6.0291],[80.4169,6.0285],[80.4174,6.0257],[80.4224,6.0212],[80.4233,6.0187],[80.4225,6.0174],[80.419,6.0178],[80.4123,6.0155],[80.4111,6.0116],[80.3987,6.0131],[80.3912,6.0087],[80.3867,5.9922],[80.3819,5.9837],[80.3822,5.9783],[80.3853,5.9764],[80.3858,5.9733],[80.3839,5.9699],[80.3848,5.9673],[80.3815,5.9664],[80.3818,5.9653]]]}},{"type":"Feature","properties":{"district":"monaragala","district_name":"Monaragala"},"geometry":{"type":"Polygon","coordinates":[[[81.6083,6.58],[81.6146,6.6709],[81.6175,6.6966],[81.6191,6.7561],[81.6281,6.8707],[81.6287,6.913],[81.6372,6.96],[81.6315,6.9672],[81.6224,6.9732],[81.6178,6.9791],[81.6172,6.9826],[81.6208,6.9911],[81.6209,6.9984],[81.6189,7.0013],[81.6139,7.0037],[81.6143,7.0092],[81.6126,7.0164],[81.6072,7.0259],[81.6115,7.0417],[81.6174,7.0459],[81.6192,7.0492],[81.6142,7.0685],[81.6034,7.0704],[81.5961,7.0696],[81.5893,7.0746],[81.5797,7.0763],[81.5733,7.0813],[81.5598,7.082],[81.5394,7.0901],[81.5377,7.0911],[81.5365,7.0948],[81.5332,7.0904],[81.5211,7.0975],[81.5154,7.103],[81.5157,7.109],[81.5113,7.1179],[81.5131,7.1256],[81.5111,7.131],[81.5134,7.1363],[81.5003,7.1489],[81.5001,7.1548],[81.5113,7.1794],[81.5114,7.1821],[81.5148,7.1842],[81.5224,7.1976],[81.529,7.2046],[81.542,7.2136],[81.5531,7.2176],[81.5511,7.2231],[81.5477,7.2252],[81.545,7.2305],[81.5421,7.2331],[81.5381,7.2332],[81.534,7.24],[81.5263,7.241],[81.5231,7.2429],[81.5235,7.2468],[81.5276,7.2536],[81.524,7.2628],[81.5242,7.2705],[81.5176,7.2805],[81.5174,7.2824],[81.5207,7.2847],[81.5188,7.2903],[81.5125,7.2983],[81.4977,7.3044],[81.479,7.3247],[81.4798,7.328],[81.4836,7.3297],[81.4908,7.3378],[81.4798,7.379],[81.4724,7.393],[81.4726,7.4054],[81.4771,7.4217],[81.4756,7.4231],[81.465,7.4255],[81.462,7.4304],[81.4768,7.4499],[81.4788,7.4547],[81.4717,7.4569],[81.4636,7.4565],[81.4564,7.4584],[81.4363,7.4436],[81.4248,7.4415],[81.4219,7.4358],[81.4075,7.4331],[81.4069,7.4299],[81.4089,7.4224],[81.4057,7.4167],[81.4003,7.4156],[81.3888,7.4079],[81.3844,7.4077],[81.377,7.4108],[81.375,7.4104],[81.3737,7.3976],[81.3759,7.3926],[81.3803,7.3878],[81.3814,7.3775],[81.3864,7.3709],[81.3774,7.3629],[81.3745,7.3585],[81.3669,7.3586],[81.3651,7.3575],[81.3631,7.3523],[81.367,7.3435],[81.3545,7.3375],[81.3445,7.3356],[81.3415,7.3365],[81.3372,7.3362],[81.3344,7.3344],[81.3242,7.3341],[81.3207,7.3375],[81.3213,7.3334],[81.3192,7.333],[81.3216,7.3275],[81.3181,7.3129],[81.325,7.2991],[81.3222,7.2936],[81.3221,7.2871],[81.319,7.2779],[81.323,7.2631],[81.3051,7.2574],[81.2943,7.2462],[81.2855,7.2406],[81.2843,7.2435],[81.2866,7.2486],[81.2796,7.2526],[81.2774,7.2554],[81.2792,7.2615],[81.2705,7.2769],[81.2683,7.2766],[81.2646,7.2787],[81.2609,7.2757],[81.2566,7.2752],[81.2446,7.2688],[81.2315,7.2676],[81.2324,7.2645],[81.2308,7.2601],[81.2355,7.247],[81.2359,7.2395],[81.2247,7.2296],[81.2069,7.2015],[81.1998,7.1951],[81.1887,7.1911],[81.1906,7.1864],[81.1865,7.1819],[81.1871,7.1756],[81.1853,7.1725],[81.1748,7.1693],[81.1688,7.1732],[81.1644,7.1735],[81.1603,7.1785],[81.1544,7.1936],[81.1521,7.1948],[81.146,7.1928],[81.1404,7.1883],[81.1376,7.1828],[81.1371,7.1775],[81.1239,7.1645],[81.1221,7.1544],[81.1253,7.1513],[81.1271,7.1452],[81.13,7.1404],[81.1331,7.1385],[81.1373,7.1365],[81.1416,7.137],[81.1439,7.13],[81.148,7.1281],[81.1521,7.1208],[81.159,7.1142],[81.1619,7.1082],[81.1623,7.1016],[81.1687,7.0841],[81.1752,7.0867],[81.1815,7.0847],[81.1877,7.0859],[81.1889,7.0934],[81.1912,7.0946],[81.1993,7.0937],[81.2066,7.0955],[81.2096,7.0935],[81.2128,7.0967],[81.2148,7.0952],[81.2164,7.0862],[81.2191,7.0806],[81.2254,7.084],[81.2293,7.0844],[81.2417,7.0532],[81.2462,7.0223],[81.2448,7.0089],[81.2423,7.007],[81.2366,6.992],[81.233,6.9908],[81.2318,6.9886],[81.2345,6.9781],[81.2343,6.9657],[81.2258,6.9621],[81.2226,6.9631],[81.2203,6.9602],[81.2212,6.9522],[81.2227,6.9498],[81.2272,6.9489],[81.2264,6.9457],[81.221,6.9426],[81.2094,6.9423],[81.2067,6.9398],[81.2017,6.9323],[81.2078,6.9264],[81.2038,6.9214],[81.187,6.9213],[81.1843,6.9286],[81.1828,6.9288],[81.18,6.9252],[81.1767,6.9045],[81.1728,6.9011],[81.1672,6.9002],[81.1659,6.8967],[81.1614,6.8966],[81.1592,6.8906],[81.1453,6.8867],[81.1294,6.8799],[81.1202,6.8729],[81.116,6.8737],[81.1126,6.8726],[81.1094,6.8654],[81.11,6.8632],[81.118,6.862],[81.1247,6.8535],[81.1329,6.8479],[81.1347,6.8433],[81.1382,6.8405],[81.1374,6.8387],[81.1316,6.8333],[81.1186,6.8293],[81.1135,6.8288],[81.1055,6.8309],[81.0966,6.8279],[81.0941,6.8239],[81.095,6.8174],[81.0989,6.8125],[81.0936,6.8091],[81.0861,6.8071],[81.08,6.8141],[81.0752,6.8131],[81.0691,6.8145],[81.0658,6.8137],[81.0635,6.7883],[81.0611,6.7828],[81.0639,6.7725],[81.0648,6.7618],[81.0546,6.7489],[81.0515,6.739],[81.053,6.7358],[81.056,6.7345],[81.0623,6.7372],[81.0663,6.7362],[81.0711,6.7375],[81.085,6.728],[81.0793,6.7188],[81.078,6.7073],[81.0647,6.6998],[81.061,6.6515],[81.0614,6.6441],[81.0645,6.6375],[81.0648,6.6332],[81.0842,6.6169],[81.0862,6.6096],[81.0764,6.6112],[81.0622,6.5992],[81.0606,6.5869],[81.0624,6.5785],[81.0547,6.583],[81.0487,6.584],[81.0408,6.5906],[81.0338,6.5835],[81.0251,6.5732],[81.0263,6.5673],[81.0248,6.5651],[81.0256,6.5602],[81.0227,6.5422],[81.0177,6.5505],[80.9956,6.5751],[80.9989,6.5899],[80.9949,6.6003],[80.9997,6.6101],[80.9993,6.615],[80.9909,6.6206],[80.9843,6.6196],[80.9813,6.6163],[80.979,6.6171],[80.9767,6.6228],[80.9796,6.6353],[80.9764,6.645],[80.9702,6.6503],[80.9689,6.6545],[80.9587,6.6518],[80.9534,6.6552],[80.9519,6.6719],[80.9494,6.6742],[80.9414,6.6766],[80.9396,6.6787],[80.941,6.6854],[80.9401,6.6904],[80.9301,6.6913],[80.928,6.6876],[80.9127,6.6718],[80.9121,6.6669],[80.9071,6.6585],[80.9074,6.6548],[80.9037,6.6506],[80.9054,6.6465],[80.9036,6.639],[80.9019,6.6372],[80.8983,6.6374],[80.8905,6.6314],[80.8852,6.6182],[80.8812,6.6133],[80.8756,6.6106],[80.8786,6.6062],[80.8757,6.6014],[80.8766,6.5939],[80.8755,6.5926],[80.871,6.5937],[80.8696,6.5928],[80.8704,6.5905],[80.8693,6.5869],[80.8725,6.5819],[80.8661,6.5794],[80.867,6.574],[80.8608,6.5604],[80.8635,6.5563],[80.8636,6.5497],[80.8536,6.5318],[80.8487,6.5284],[80.8394,6.5164],[80.8394,6.5131],[80.8329,6.5038],[80.8322,6.499],[80.8278,6.4901],[80.8306,6.4883],[80.8324,6.4757],[80.8379,6.4659],[80.8387,6.4607],[80.8431,6.4561],[80.8393,6.4493],[80.8403,6.4416],[80.8372,6.4418],[80.8362,6.4405],[80.8425,6.4355],[80.8428,6.4339],[80.8379,6.427],[80.8386,6.4221],[80.8427,6.4169],[80.8444,6.407],[80.8433,6.4041],[80.8401,6.4044],[80.8388,6.4017],[80.846,6.3927],[80.8472,6.3862],[80.8532,6.3836],[80.8555,6.3741],[80.8625,6.3697],[80.8654,6.357],[80.8668,6.3558],[80.8733,6.3562],[80.897,6.3493],[80.903,6.3439],[80.9024,6.3374],[80.9093,6.3326],[80.906,6.3274],[80.9066,6.322],[80.9128,6.3146],[80.9214,6.2965],[80.9292,6.3033],[80.9324,6.3035],[80.9561,6.3137],[80.9653,6.3197],[80.968,6.3254],[80.9825,6.3283],[80.9909,6.3334],[80.9987,6.335],[81.0182,6.3447],[81.0201,6.3543],[81.0225,6.3589],[81.0185,6.3661],[81.0155,6.3671],[81.015,6.3687],[81.0087,6.368],[81.0075,6.3692],[81.0067,6.3788],[81.0088,6.3829],[81.0083,6.3878],[81.0132,6.396],[81.0329,6.3934],[81.037,6.3913],[81.0494,6.4068],[81.0487,6.4134],[81.0512,6.4174],[81.0491,6.4218],[81.0506,6.4221],[81.0545,6.4153],[81.0616,6.4113],[81.0673,6.4139],[81.0677,6.417],[81.0708,6.4207],[81.0709,6.4238],[81.0738,6.4225],[81.0787,6.4242],[81.0891,6.4241],[81.1012,6.4183],[81.1105,6.4209],[81.1369,6.4211],[81.1378,6.4144],[81.1423,6.4095],[81.1446,6.3975],[81.1468,6.3965],[81.1479,6.3989],[81.1506,6.3997],[81.1532,6.398],[81.1542,6.3939],[81.1569,6.3926],[81.1661,6.3929],[81.1702,6.4001],[81.1701,6.4028],[81.1767,6.4032],[81.1814,6.4063],[81.1843,6.4055],[81.1902,6.4017],[81.1916,6.395],[81.1965,6.3907],[81.1975,6.3868],[81.2034,6.3833],[81.2035,6.3784],[81.211,6.3672],[81.2244,6.3578],[81.2239,6.3552],[81.2211,6.3521],[81.2211,6.3495],[81.2256,6.3447],[81.2297,6.3448],[81.2353,6.3414],[81.2457,6.3434],[81.2535,6.3408],[81.2578,6.3445],[81.2631,6.3461],[81.2735,6.3551],[81.2755,6.3663],[81.2784,6.3691],[81.2891,6.373],[81.298,6.3735],[81.3125,6.38],[81.3145,6.3765],[81.317,6.3753],[81.3274,6.3823],[81.3321,6.3798],[81.3406,6.3822],[81.352,6.3898],[81.3673,6.3906],[81.3733,6.3981],[81.3815,6.3973],[81.384,6.3985],[81.3933,6.4147],[81.3988,6.4139],[81.3991,6.4083],[81.4008,6.4064],[81.413,6.4092],[81.4199,6.4092],[81.4204,6.4118],[81.4244,6.4124],[81.4276,6.4181],[81.431,6.4163],[81.4364,6.4168],[81.437,6.4193],[81.4397,6.4199],[81.4449,6.4182],[81.4481,6.4137],[81.461,6.4133],[81.4667,6.4071],[81.4721,6.4081],[81.4775,6.4142],[81.4798,6.4193],[81.4779,6.4288],[81.4791,6.4395],[81.4762,6.4488],[81.4842,6.4579],[81.4862,6.4643],[81.4857,6.467],[81.4821,6.4685],[81.4793,6.4731],[81.4805,6.4772],[81.4784,6.4868],[81.4821,6.4958],[81.4873,6.498],[81.4904,6.5024],[81.5021,6.5107],[81.5095,6.5148],[81.524,6.5197],[81.5329,6.5359],[81.539,6.5382],[81.5431,6.5362],[81.5469,6.5365],[81.5652,6.5545],[81.5811,6.5508],[81.5867,6.5555],[81.5887,6.5608],[81.5936,6.5626],[81.5997,6.5613],[81.6049,6.5688],[81.6083,6.58]]]}},{"type":"Feature","properties":{"district":"mullaitivu","district_name":"Mullaitivu"},"geometry":{"type":"Polygon","coordinates":[[[80.6135,9.4566],[80.6153,9.4531],[80.6155,9.4478],[80.6125,9.4451],[80.6092,9.4489],[80.6074,9.4488],[80.61,9.4454],[80.6142,9.4434],[80.6095,9.4257],[80.607,9.4236],[80.6053,9.4192],[80.5996,9.4147],[80.5977,9.4146],[80.5951,9.4175],[80.5864,9.4083],[80.5864,9.401],[80.584,9.3957],[80.5861,9.3918],[80.5842,9.3819],[80.5871,9.3761],[80.5854,9.3627],[80.5586,9.3765],[80.5523,9.3841],[80.5457,9.3885],[80.532,9.4052],[80.5305,9.4038],[80.5312,9.399],[80.5296,9.3963],[80.5293,9.3908],[80.5276,9.3896],[80.5291,9.3795],[80.5185,9.3591],[80.5187,9.3451],[80.4408,9.3425],[80.4078,9.3395],[80.4065,9.308],[80.395,9.301],[80.3874,9.3001],[80.3213,9.3085],[80.3105,9.3067],[80.2794,9.2978],[80.2642,9.3029],[80.2407,9.2974],[80.2337,9.2951],[80.2136,9.2767],[80.2164,9.2497],[80.2202,9.2386],[80.2181,9.2341],[80.2053,9.2365],[80.1977,9.2354],[80.1918,9.2373],[80.1955,9.176],[80.2171,9.1432],[80.2214,9.1231],[80.2257,9.1132],[80.2161,9.0973],[80.2166,9.0786],[80.22,9.0548],[80.2151,9.0526],[80.2061,9.0519],[80.1949,9.0459],[80.1762,8.9966],[80.1763,8.9949],[80.1814,8.9926],[80.183,8.9892],[80.189,8.985],[80.1901,8.9794],[80.1894,8.9777],[80.1825,8.9759],[80.1771,8.9713],[80.178,8.955],[80.175,8.9503],[80.2495,8.9516],[80.3197,8.9577],[80.3285,8.9596],[80.3401,8.959],[80.3909,8.9911],[80.4338,9.03],[80.4288,9.0541],[80.4262,9.0909],[80.4043,9.0908],[80.404,9.1152],[80.4912,9.1176],[80.4922,9.1154],[80.4943,9.1147],[80.4959,9.1105],[80.4998,9.1083],[80.5027,9.1044],[80.5044,9.0983],[80.5102,9.0936],[80.5123,9.0873],[80.5119,9.0848],[80.5131,9.0837],[80.5129,9.0766],[80.53,9.0761],[80.5599,9.1074],[80.5849,9.1108],[80.5855,9.1172],[80.5817,9.126],[80.6034,9.1263],[80.6167,9.1232],[80.6224,9.1239],[80.6342,9.1159],[80.6371,9.1204],[80.6465,9.117],[80.6516,9.0957],[80.6505,9.0874],[80.6521,9.0782],[80.6582,9.0773],[80.6633,9.0746],[80.6681,9.0747],[80.6723,9.0796],[80.6823,9.0831],[80.6916,9.0745],[80.6912,9.0632],[80.6863,9.0507],[80.6768,9.0414],[80.6772,9.0317],[80.6852,9.0308],[80.7018,9.0392],[80.7176,9.0515],[80.7359,9.04],[80.7768,9.018],[80.787,9.0102],[80.7658,8.937],[80.7713,8.9412],[80.7721,8.9447],[80.7755,8.9467],[80.782,8.9468],[80.7896,8.95],[80.7953,8.9487],[80.7996,8.9495],[80.8035,8.9522],[80.8276,8.9555],[80.8291,8.9584],[80.8334,8.9605],[80.8496,8.9612],[80.8599,8.9579],[80.8697,8.9595],[80.8692,8.9623],[80.8739,8.9642],[80.8742,8.9684],[80.8831,8.9692],[80.8871,8.9729],[80.8878,8.9785],[80.8896,8.9812],[80.8964,8.9815],[80.8962,8.9804],[80.8986,8.981],[80.9001,8.9787],[80.9022,8.981],[80.9008,8.9833],[80.9018,8.9849],[80.9061,8.9846],[80.9075,8.9864],[80.9172,8.9846],[80.9203,8.9863],[80.9224,8.9899],[80.9269,8.9921],[80.9188,8.9921],[80.9195,8.9986],[80.924,9.0028],[80.9243,9.0048],[80.9243,9.007],[80.9213,9.0103],[80.9173,9.0121],[80.9161,9.006],[80.9122,9.004],[80.9106,9.0053],[80.9104,8.9999],[80.908,8.9984],[80.8883,9.0133],[80.8861,9.017],[80.8766,9.0254],[80.8764,9.0294],[80.8782,9.0316],[80.883,9.0326],[80.8871,9.0369],[80.8912,9.0374],[80.892,9.0396],[80.8895,9.0435],[80.8941,9.0487],[80.8966,9.0498],[80.9016,9.0485],[80.9144,9.0323],[80.9267,9.0216],[80.9334,9.0089],[80.9508,8.9889],[80.9535,8.987],[80.9631,8.9909],[80.9643,8.9894],[80.9362,9.0348],[80.9176,9.0679],[80.9116,9.0826],[80.9101,9.0829],[80.9056,9.0902],[80.8992,9.1043],[80.8979,9.1039],[80.8788,9.1338],[80.8596,9.1769],[80.8506,9.2055],[80.8446,9.231],[80.8193,9.2724],[80.8143,9.2871],[80.8108,9.293],[80.7921,9.3124],[80.7451,9.3473],[80.7061,9.383],[80.6709,9.4199],[80.6713,9.4112],[80.7109,9.3728],[80.7169,9.3615],[80.7232,9.3556],[80.7217,9.3502],[80.7158,9.3542],[80.7095,9.3695],[80.6651,9.4045],[80.6631,9.4095],[80.6694,9.4188],[80.6708,9.4187],[80.67,9.4207],[80.6216,9.4595],[80.6135,9.4566]]]}},{"type":"Feature","properties":{"district":"nuwara_eliya","district_name":"Nuwara Eliya"},"geometry":{"type":"Polygon","coordinates":[[[80.9458,7.2004],[80.9417,7.202],[80.9277,7.1996],[80.9173,7.2024],[80.9075,7.1992],[80.8985,7.1989],[80.8958,7.1961],[80.8925,7.1877],[80.8874,7.1818],[80.8849,7.1808],[80.8824,7.1817],[80.8804,7.1856],[80.882,7.1926],[80.8804,7.1945],[80.8749,7.1949],[80.8675,7.192],[80.8613,7.1943],[80.8504,7.1903],[80.8378,7.1944],[80.8231,7.1944],[80.816,7.1983],[80.8108,7.1987],[80.8023,7.2051],[80.8028,7.2128],[80.8007,7.2186],[80.8028,7.2215],[80.8017,7.2264],[80.7965,7.2289],[80.794,7.2336],[80.789,7.2369],[80.7854,7.2412],[80.7832,7.2475],[80.778,7.249],[80.7601,7.2692],[80.7545,7.2739],[80.7522,7.2736],[80.7504,7.27],[80.7559,7.2545],[80.753,7.2512],[80.7608,7.2394],[80.7667,7.2368],[80.7645,7.2333],[80.7658,7.2301],[80.7645,7.2268],[80.7657,7.2245],[80.7694,7.2226],[80.7689,7.2172],[80.7662,7.2152],[80.7709,7.1983],[80.7662,7.1954],[80.7643,7.1913],[80.7439,7.1704],[80.7391,7.1618],[80.7299,7.1587],[80.7241,7.1506],[80.7211,7.1391],[80.7151,7.1351],[80.7106,7.1289],[80.7101,7.1258],[80.706,7.1232],[80.6976,7.1129],[80.6939,7.1025],[80.6904,7.0991],[80.6915,7.0969],[80.6889,7.0927],[80.6874,7.0918],[80.6778,7.0937],[80.6638,7.1018],[80.6486,7.1029],[80.6378,7.0993],[80.6371,7.0952],[80.6336,7.0905],[80.633,7.0853],[80.6271,7.0793],[80.621,7.0789],[80.6137,7.0762],[80.6088,7.0773],[80.5964,7.0754],[80.5943,7.0777],[80.5859,7.0772],[80.5779,7.0744],[80.5742,7.0763],[80.5716,7.082],[80.5611,7.0768],[80.5595,7.0771],[80.5582,7.08],[80.5543,7.0816],[80.5526,7.0788],[80.5477,7.0773],[80.5467,7.0757],[80.5431,7.0758],[80.5412,7.0734],[80.54,7.0642],[80.5381,7.0618],[80.5397,7.0589],[80.542,7.063],[80.5455,7.062],[80.5496,7.0655],[80.5521,7.065],[80.5593,7.0541],[80.5608,7.05],[80.5598,7.0489],[80.562,7.0479],[80.5607,7.0433],[80.5618,7.0403],[80.5731,7.0303],[80.573,7.0279],[80.575,7.0253],[80.5853,7.0194],[80.5902,7.0081],[80.6028,6.9945],[80.6014,6.9907],[80.5961,6.9884],[80.5941,6.9858],[80.5923,6.9803],[80.5928,6.9729],[80.5895,6.9649],[80.5777,6.9594],[80.5768,6.9536],[80.5787,6.946],[80.578,6.9444],[80.5672,6.9453],[80.564,6.939],[80.5531,6.9405],[80.5462,6.9527],[80.5421,6.9565],[80.5401,6.962],[80.5209,6.9765],[80.5159,6.9822],[80.513,6.9909],[80.513,6.9967],[80.5055,7.0072],[80.5034,7.0144],[80.4971,7.0198],[80.4989,7.0241],[80.4975,7.0261],[80.4891,7.026],[80.4872,7.0288],[80.4827,7.0294],[80.4772,7.0357],[80.4734,7.0373],[80.4634,7.0284],[80.4643,7.0244],[80.4681,7.0243],[80.4661,7.0222],[80.4674,7.0171],[80.4642,7.0135],[80.4605,7.0127],[80.4567,7.0065],[80.4515,7.0031],[80.4502,6.9993],[80.4422,6.9976],[80.4376,6.9981],[80.4331,6.9926],[80.4324,6.9857],[80.4361,6.9841],[80.4378,6.9784],[80.4402,6.976],[80.4441,6.9746],[80.444,6.9692],[80.4456,6.9654],[80.4439,6.9617],[80.4376,6.9558],[80.4392,6.9447],[80.438,6.9416],[80.4375,6.9226],[80.4344,6.9219],[80.4349,6.919],[80.433,6.9136],[80.4351,6.9114],[80.4383,6.9123],[80.4428,6.9107],[80.4483,6.9068],[80.4548,6.9061],[80.4601,6.9002],[80.4625,6.8998],[80.4674,6.9018],[80.4735,6.8981],[80.48,6.8985],[80.4865,6.8932],[80.4913,6.8932],[80.498,6.887],[80.498,6.8805],[80.4948,6.8758],[80.4949,6.8717],[80.5002,6.8655],[80.5004,6.8573],[80.5094,6.8528],[80.5114,6.8475],[80.5038,6.8357],[80.496,6.8317],[80.4917,6.8199],[80.4921,6.8159],[80.4955,6.8106],[80.4976,6.8099],[80.5007,6.8114],[80.5023,6.8085],[80.4977,6.8063],[80.4958,6.8003],[80.49,6.7996],[80.4886,6.7966],[80.4942,6.7849],[80.501,6.7786],[80.5116,6.7768],[80.5274,6.768],[80.5383,6.7745],[80.5444,6.7756],[80.5508,6.771],[80.555,6.7699],[80.5599,6.7706],[80.5727,6.7639],[80.5843,6.7636],[80.6078,6.7588],[80.6151,6.7594],[80.6354,6.7534],[80.6437,6.7539],[80.6538,6.7512],[80.6593,6.7546],[80.6599,6.7612],[80.6611,6.762],[80.6649,6.7599],[80.6941,6.7592],[80.7063,6.755],[80.7127,6.7591],[80.7179,6.7602],[80.7215,6.7589],[80.7315,6.7634],[80.7367,6.7629],[80.7448,6.7583],[80.7476,6.761],[80.7529,6.7625],[80.7584,6.7678],[80.7745,6.7784],[80.7829,6.7745],[80.7893,6.774],[80.7936,6.7806],[80.8084,6.7919],[80.8145,6.7957],[80.8252,6.7931],[80.8343,6.8027],[80.8338,6.8076],[80.8369,6.8098],[80.8372,6.8119],[80.8326,6.815],[80.825,6.8153],[80.8175,6.8193],[80.8139,6.8285],[80.8168,6.8323],[80.8201,6.8324],[80.8244,6.8302],[80.8268,6.8324],[80.8316,6.8337],[80.8366,6.8402],[80.8375,6.8451],[80.8314,6.8493],[80.8294,6.8555],[80.8265,6.8569],[80.8234,6.8565],[80.8205,6.8621],[80.824,6.8765],[80.8173,6.882],[80.8133,6.8794],[80.8118,6.8798],[80.8144,6.8915],[80.8084,6.8942],[80.8102,6.8962],[80.81,6.9017],[80.7975,6.9068],[80.7779,6.9104],[80.7759,6.913],[80.7767,6.9163],[80.7788,6.9204],[80.7818,6.9216],[80.8069,6.9177],[80.8123,6.9175],[80.8162,6.9192],[80.8268,6.9259],[80.8304,6.9299],[80.8318,6.9341],[80.8321,6.9461],[80.8354,6.9558],[80.8398,6.9583],[80.8467,6.9662],[80.8569,6.972],[80.8622,6.9782],[80.8666,6.978],[80.8749,6.9737],[80.8917,6.9785],[80.8985,6.9773],[80.9046,6.9826],[80.9104,6.9847],[80.9195,6.9909],[80.9238,7.0005],[80.9246,7.01],[80.929,7.0201],[80.9277,7.0304],[80.9299,7.0351],[80.9292,7.0382],[80.9383,7.0428],[80.9411,7.0543],[80.9478,7.0596],[80.9556,7.0631],[80.9582,7.0742],[80.9634,7.0756],[80.9651,7.0777],[80.9644,7.0803],[80.9532,7.0902],[80.9548,7.0971],[80.9513,7.1014],[80.9552,7.1054],[80.957,7.1147],[80.9641,7.1192],[80.9647,7.1209],[80.9633,7.1241],[80.959,7.1274],[80.9499,7.1298],[80.9509,7.1343],[80.949,7.1386],[80.9519,7.1451],[80.9592,7.1416],[80.9607,7.1421],[80.959,7.1464],[80.9613,7.1571],[80.9568,7.17],[80.9546,7.1715],[80.9529,7.1766],[80.9487,7.1784],[80.9487,7.1849],[80.9425,7.1935],[80.9425,7.1971],[80.9458,7.2004]]]}},{"type":"Feature","properties":{"district":"polonnaruwa","district_name":"Polonnaruwa"},"geometry":{"type":"Polygon","coordinates":[[[81.2413,7.7391],[81.2371,7.7484],[81.236,7.7568],[81.2375,7.7605],[81.2349,7.7664],[81.2307,7.771],[81.227,7.781],[81.23,7.7951],[81.225,7.8235],[81.2293,7.8372],[81.2327,7.8435],[81.2331,7.8521],[81.2315,7.8613],[81.2286,7.8636],[81.2278,7.8671],[81.2289,7.8761],[81.237,7.8887],[81.2359,7.8949],[81.2385,7.9026],[81.2369,7.9198],[81.2401,7.9237],[81.2473,7.9286],[81.2531,7.9363],[81.2628,7.94],[81.2671,7.9371],[81.2747,7.9368],[81.2778,7.9405],[81.2818,7.9415],[81.2893,7.9466],[81.2981,7.9461],[81.3079,7.9374],[81.3165,7.9404],[81.3243,7.9357],[81.3282,7.9351],[81.335,7.938],[81.34,7.9374],[81.339,7.9451],[81.3401,7.957],[81.3321,7.9704],[81.3064,8.0294],[81.3084,8.0708],[81.3078,8.095],[81.314,8.2292],[81.314,8.2414],[81.3116,8.252],[81.2982,8.255],[81.2881,8.2611],[81.2859,8.2571],[81.2824,8.2574],[81.28,8.2498],[81.2734,8.2474],[81.2725,8.2459],[81.2726,8.2412],[81.271,8.2404],[81.2685,8.2425],[81.2658,8.241],[81.266,8.2394],[81.2693,8.2393],[81.2701,8.2379],[81.269,8.2348],[81.2661,8.2353],[81.2634,8.2312],[81.2587,8.2321],[81.2575,8.231],[81.2578,8.226],[81.2564,8.2251],[81.2547,8.2244],[81.2503,8.2261],[81.2498,8.2227],[81.2521,8.2164],[81.2514,8.21],[81.2487,8.2041],[81.2448,8.201],[81.2431,8.1964],[81.2398,8.1967],[81.2376,8.1943],[81.2389,8.1861],[81.2424,8.1823],[81.2429,8.1791],[81.2369,8.1785],[81.2345,8.1741],[81.2339,8.1691],[81.2355,8.1686],[81.233,8.164],[81.2342,8.161],[81.2326,8.1565],[81.2315,8.1553],[81.2291,8.1576],[81.222,8.1539],[81.2174,8.1547],[81.208,8.1488],[81.2048,8.1503],[81.193,8.1512],[81.1921,8.1543],[81.1961,8.1571],[81.1973,8.1601],[81.2033,8.1608],[81.2069,8.163],[81.2134,8.1795],[81.2133,8.1813],[81.2106,8.1833],[81.2074,8.1824],[81.2045,8.184],[81.2041,8.1925],[81.2015,8.1971],[81.205,8.2069],[81.2062,8.2156],[81.2037,8.2218],[81.2044,8.2269],[81.1994,8.2314],[81.1962,8.232],[81.1869,8.2274],[81.1773,8.2306],[81.1727,8.2353],[81.1662,8.2346],[81.159,8.2395],[81.1493,8.2516],[81.1394,8.2609],[81.1364,8.2593],[81.1324,8.2621],[81.1241,8.263],[81.1185,8.259],[81.1108,8.2599],[81.1056,8.256],[81.0984,8.2604],[81.0901,8.2622],[81.0776,8.2716],[81.0656,8.2707],[81.0553,8.273],[81.0501,8.2722],[81.0462,8.2758],[81.0363,8.2789],[81.026,8.2769],[81.0174,8.279],[80.999,8.2727],[80.9888,8.2731],[80.987,8.2777],[80.9818,8.3095],[80.9801,8.3125],[80.9674,8.3179],[80.965,8.3202],[80.9652,8.3219],[80.9623,8.3237],[80.9553,8.3245],[80.9521,8.3229],[80.9408,8.3425],[80.9308,8.3451],[80.9242,8.3369],[80.9215,8.333],[80.9114,8.3264],[80.9042,8.3076],[80.8991,8.2809],[80.8127,8.2804],[80.8044,8.2785],[80.8027,8.272],[80.794,8.2538],[80.7944,8.2488],[80.7878,8.2312],[80.7877,8.2177],[80.7854,8.2041],[80.7594,8.1505],[80.7611,8.141],[80.7583,8.137],[80.7586,8.1114],[80.7566,8.1032],[80.7584,8.096],[80.7587,8.0686],[80.7622,8.0652],[80.774,8.0673],[80.777,8.0659],[80.7711,8.0572],[80.7595,8.0446],[80.7604,8.0383],[80.7559,8.0336],[80.7497,8.0221],[80.7501,8.0198],[80.7556,8.0172],[80.7561,8.0123],[80.7605,8.0068],[80.7711,8.0005],[80.7723,7.9956],[80.7744,7.9985],[80.7795,7.9948],[80.7776,7.9807],[80.7784,7.9682],[80.7879,7.9625],[80.7985,7.9606],[80.7998,7.9649],[80.7991,7.9766],[80.8148,7.9835],[80.8205,7.9809],[80.8206,7.9775],[80.8256,7.9713],[80.84,7.9722],[80.8533,7.9627],[80.8393,7.9581],[80.834,7.9542],[80.8298,7.9399],[80.8196,7.9245],[80.8194,7.9092],[80.8134,7.8869],[80.8113,7.8649],[80.8099,7.8627],[80.811,7.852],[80.8078,7.8477],[80.8054,7.8307],[80.8024,7.822],[80.7971,7.8188],[80.794,7.8187],[80.7935,7.8173],[80.7956,7.8049],[80.7857,7.8001],[80.7844,7.8041],[80.7816,7.8056],[80.7764,7.8022],[80.7688,7.8023],[80.7612,7.7922],[80.7659,7.7868],[80.7636,7.7774],[80.7628,7.75],[80.7638,7.734],[80.7697,7.715],[80.7738,7.7084],[80.7745,7.7019],[80.773,7.694],[80.7698,7.6905],[80.7656,7.6952],[80.761,7.6956],[80.7679,7.6913],[80.7708,7.6838],[80.7738,7.684],[80.7788,7.6779],[80.7845,7.6796],[80.8048,7.6796],[80.8093,7.6717],[80.8178,7.6764],[80.8209,7.6799],[80.8253,7.6787],[80.8369,7.6813],[80.84,7.6846],[80.8419,7.6923],[80.8464,7.6932],[80.8491,7.6988],[80.8531,7.7011],[80.8549,7.6969],[80.8526,7.6946],[80.8555,7.6909],[80.8609,7.6878],[80.8703,7.6895],[80.8714,7.6849],[80.8769,7.6797],[80.8819,7.698],[80.8836,7.7151],[80.8884,7.7144],[80.9065,7.7159],[80.912,7.7125],[80.9168,7.7119],[80.922,7.7083],[80.925,7.7096],[80.9279,7.7083],[80.9377,7.7101],[80.9426,7.7136],[80.9488,7.7128],[80.972,7.7172],[80.9803,7.7161],[80.9891,7.7217],[81.0108,7.7183],[81.024,7.7231],[81.037,7.7199],[81.0493,7.7188],[81.0687,7.7308],[81.0944,7.7252],[81.0984,7.7206],[81.1106,7.6977],[81.1176,7.6899],[81.1451,7.6763],[81.1471,7.6758],[81.1519,7.6796],[81.1979,7.6611],[81.214,7.647],[81.2179,7.6481],[81.2208,7.6537],[81.2196,7.6598],[81.2226,7.6721],[81.2298,7.6765],[81.2383,7.678],[81.2394,7.6798],[81.2365,7.6879],[81.2404,7.6951],[81.2379,7.7053],[81.2394,7.7134],[81.2347,7.7178],[81.2337,7.722],[81.2345,7.7261],[81.2413,7.7391]]]}},{"type":"Feature","properties":{"district":"puttalam","district_name":"Puttalam"},"geometry":{"type":"MultiPolygon","coordinates":[[[[79.7799,8.2621],[79.7817,8.2616],[79.7834,8.2629],[79.7854,8.2679],[79.7834,8.2682],[79.7756,8.2779],[79.7732,8.2791],[79.7724,8.2765],[79.7746,8.2696],[79.7799,8.2621]]],[[[79.9198,8.5673],[79.9193,8.5553],[79.9158,8.5485],[79.9089,8.5482],[79.9013,8.5458],[79.8973,8.5415],[79.8847,8.5366],[79.8775,8.5366],[79.8743,8.5402],[79.8709,8.5364],[79.8689,8.5297],[79.8684,8.5193],[79.8668,8.5169],[79.8678,8.5081],[79.8651,8.4963],[79.8651,8.4783],[79.8619,8.475],[79.8645,8.4578],[79.8635,8.4514],[79.8584,8.4459],[79.8512,8.4413],[79.8473,8.4407],[79.8476,8.4366],[79.8432,8.4231],[79.8425,8.4177],[79.8462,8.3919],[79.8449,8.3644],[79.8466,8.351],[79.8395,8.3464],[79.8371,8.3414],[79.8392,8.3342],[79.8368,8.3284],[79.8326,8.3253],[79.8377,8.3115],[79.8349,8.3087],[79.8355,8.3062],[79.8316,8.3005],[79.8313,8.2921],[79.8223,8.2805],[79.8206,8.273],[79.8172,8.2676],[79.8104,8.2389],[79.8041,8.2357],[79.7895,8.2336],[79.791,8.231],[79.7952,8.2319],[79.7952,8.2338],[79.7968,8.234],[79.8035,8.2308],[79.8055,8.2283],[79.8045,8.2237],[79.8008,8.2224],[79.7978,8.2231],[79.7938,8.2295],[79.7923,8.2282],[79.7938,8.2249],[79.7981,8.2216],[79.809,8.2163],[79.8167,8.2091],[79.8201,8.2029],[79.8222,8.1906],[79.8199,8.1774],[79.8175,8.1741],[79.8181,8.1699],[79.8206,8.1667],[79.8201,8.1623],[79.825,8.1607],[79.8342,8.1517],[79.8321,8.1448],[79.8356,8.1371],[79.8292,8.1274],[79.8208,8.1228],[79.8201,8.1123],[79.8172,8.1108],[79.8153,8.1002],[79.8129,8.0967],[79.8107,8.0961],[79.8029,8.0844],[79.8,8.0822],[79.7956,8.0861],[79.7916,8.0848],[79.7914,8.08],[79.7983,8.0771],[79.7992,8.0744],[79.798,8.0722],[79.7915,8.0739],[79.7906,8.078],[79.7894,8.0756],[79.7932,8.0661],[79.7967,8.0622],[79.8021,8.062],[79.81,8.0492],[79.8184,8.0426],[79.8255,8.0341],[79.8357,8.0142],[79.8364,8.005],[79.8336,8.001],[79.8291,7.9976],[79.8193,7.9971],[79.8198,7.9897],[79.8212,7.9894],[79.821,7.9838],[79.8246,7.9801],[79.8241,7.9742],[79.8265,7.9703],[79.8244,7.9676],[79.822,7.9581],[79.8253,7.9553],[79.8246,7.9535],[79.8224,7.9531],[79.822,7.9499],[79.8243,7.9252],[79.8258,7.923],[79.8253,7.92],[79.8204,7.9137],[79.8197,7.9154],[79.8235,7.9268],[79.8194,7.94],[79.821,7.9433],[79.8211,7.9611],[79.8137,7.951],[79.8091,7.9526],[79.8148,7.9594],[79.817,7.9652],[79.8199,7.9647],[79.8218,7.9674],[79.8227,7.9796],[79.8209,7.9802],[79.8153,7.9764],[79.7842,7.9794],[79.7572,7.9876],[79.7466,7.9939],[79.7367,8.0139],[79.7384,8.0209],[79.7451,8.0356],[79.7418,8.0526],[79.7497,8.0612],[79.7555,8.0633],[79.7444,8.0679],[79.7374,8.0727],[79.7382,8.0757],[79.732,8.0849],[79.7369,8.108],[79.7362,8.1128],[79.7271,8.1229],[79.7296,8.13],[79.7288,8.1376],[79.731,8.1417],[79.7339,8.1441],[79.7394,8.1441],[79.739,8.1481],[79.7412,8.1518],[79.7407,8.1588],[79.7465,8.1667],[79.7442,8.17],[79.7434,8.1762],[79.7471,8.1821],[79.7493,8.1816],[79.7477,8.1887],[79.7399,8.1944],[79.7378,8.2017],[79.7394,8.204],[79.7433,8.2047],[79.7423,8.2084],[79.7451,8.2104],[79.7494,8.2185],[79.757,8.2227],[79.7552,8.2225],[79.7559,8.2245],[79.7606,8.2225],[79.7622,8.2205],[79.762,8.2171],[79.7638,8.2161],[79.7691,8.2172],[79.7703,8.2212],[79.7704,8.2283],[79.7672,8.2342],[79.7683,8.2361],[79.7658,8.2415],[79.7725,8.2493],[79.7778,8.2593],[79.7768,8.2614],[79.7673,8.2623],[79.7668,8.2606],[79.7638,8.2594],[79.7645,8.2559],[79.7581,8.2511],[79.7554,8.2465],[79.7497,8.2418],[79.7477,8.2416],[79.7401,8.2307],[79.7343,8.2279],[79.7315,8.2282],[79.736,8.2341],[79.7378,8.2412],[79.7404,8.2423],[79.7384,8.2456],[79.7388,8.2483],[79.7402,8.2483],[79.7389,8.2487],[79.7393,8.2503],[79.7474,8.2515],[79.7528,8.2479],[79.7551,8.2558],[79.7579,8.2562],[79.7573,8.2575],[79.7591,8.2582],[79.758,8.2599],[79.7606,8.2617],[79.7601,8.2663],[79.7639,8.2681],[79.7616,8.2731],[79.759,8.2717],[79.7566,8.2723],[79.7589,8.268],[79.7563,8.2642],[79.752,8.2634],[79.751,8.2646],[79.7554,8.2721],[79.7542,8.2737],[79.7577,8.2741],[79.7587,8.2765],[79.7538,8.2815],[79.7554,8.2839],[79.7542,8.2901],[79.7626,8.2994],[79.7676,8.3014],[79.7647,8.3029],[79.7588,8.3022],[79.7588,8.3034],[79.7614,8.3109],[79.7663,8.3161],[79.765,8.319],[79.7667,8.3214],[79.7667,8.3246],[79.7724,8.3293],[79.7737,8.3394],[79.7761,8.3417],[79.7773,8.3477],[79.7788,8.3482],[79.7775,8.3506],[79.7794,8.3511],[79.7793,8.3558],[79.7814,8.3568],[79.7812,8.3596],[79.7855,8.3703],[79.7794,8.3771],[79.7861,8.3841],[79.7819,8.383],[79.7769,8.3789],[79.7728,8.3684],[79.7729,8.3504],[79.771,8.3429],[79.7624,8.3231],[79.7602,8.3082],[79.7461,8.2824],[79.7434,8.2742],[79.7349,8.2355],[79.7294,8.2274],[79.7267,8.2264],[79.7252,8.2276],[79.7157,8.2187],[79.71,8.2178],[79.7135,8.2172],[79.7102,8.2173],[79.7105,8.216],[79.7054,8.215],[79.7003,8.2104],[79.6958,8.2103],[79.7024,8.2146],[79.7037,8.2137],[79.7093,8.2184],[79.7029,8.2192],[79.6927,8.2107],[79.6972,8.1836],[79.7034,8.1705],[79.7031,8.1609],[79.7061,8.147],[79.7042,8.1198],[79.7017,8.1149],[79.7075,8.0944],[79.7061,8.057],[79.7451,7.9341],[79.7664,7.843],[79.7777,7.8042],[79.7844,7.7752],[79.7945,7.7195],[79.7996,7.6819],[79.8007,7.64],[79.7997,7.623],[79.7973,7.6127],[79.7925,7.6083],[79.7861,7.6064],[79.7893,7.5389],[79.8022,7.4664],[79.8195,7.3993],[79.8379,7.3019],[79.842,7.2734],[79.8522,7.2728],[79.8529,7.2741],[79.8515,7.2764],[79.8534,7.2773],[79.8565,7.2756],[79.8587,7.2703],[79.8663,7.2709],[79.8698,7.2754],[79.871,7.2809],[79.8758,7.2827],[79.8805,7.2807],[79.8848,7.2739],[79.8979,7.2748],[79.8992,7.2814],[79.9008,7.281],[79.9029,7.2747],[79.9054,7.274],[79.907,7.2747],[79.9075,7.2805],[79.9094,7.2797],[79.9096,7.2753],[79.9053,7.2677],[79.9079,7.2653],[79.9162,7.2698],[79.915,7.2769],[79.9247,7.2777],[79.9245,7.272],[79.9273,7.2719],[79.9282,7.275],[79.9236,7.2813],[79.924,7.2845],[79.9283,7.2829],[79.9339,7.2782],[79.9385,7.2807],[79.9416,7.2765],[79.9424,7.281],[79.94,7.3274],[79.9375,7.3493],[79.9053,7.5058],[79.9005,7.5597],[79.9025,7.5809],[79.909,7.5978],[79.9057,7.6166],[79.9105,7.6262],[79.9175,7.6293],[79.9214,7.6337],[79.9229,7.6453],[79.9252,7.6469],[79.93,7.647],[79.9338,7.6507],[79.9316,7.653],[79.9239,7.6556],[79.9237,7.6579],[79.9291,7.6617],[79.9306,7.6655],[79.9287,7.6746],[79.9354,7.6809],[79.9411,7.6766],[79.943,7.6773],[79.9459,7.682],[79.9474,7.682],[79.9482,7.676],[79.9583,7.673],[79.9594,7.6751],[79.96,7.6835],[79.9633,7.6868],[79.9557,7.6916],[79.954,7.6943],[79.9429,7.6933],[79.9409,7.6965],[79.9457,7.7008],[79.954,7.702],[79.9527,7.7091],[79.9535,7.7167],[79.9553,7.72],[79.9586,7.7202],[79.9616,7.7179],[79.9639,7.7202],[79.9669,7.7201],[79.9757,7.7239],[79.9776,7.732],[79.9872,7.7391],[79.9952,7.7431],[79.9966,7.7421],[79.9987,7.7431],[80.0012,7.7491],[79.9934,7.7584],[79.9936,7.7631],[79.9956,7.7696],[79.9995,7.7725],[80.0023,7.7786],[79.9944,7.7929],[79.9973,7.8099],[79.999,7.8126],[80.0098,7.8144],[80.0114,7.816],[80.0053,7.8267],[80.0062,7.8313],[80.0096,7.8338],[80.0155,7.8343],[80.0167,7.8366],[80.0206,7.8388],[80.0237,7.8389],[80.0274,7.8417],[80.034,7.8416],[80.0374,7.8444],[80.0394,7.8551],[80.0413,7.8582],[80.0387,7.8587],[80.0382,7.8605],[80.0421,7.8655],[80.0493,7.8673],[80.053,7.8733],[80.0592,7.8735],[80.0631,7.872],[80.0663,7.8731],[80.0669,7.889],[80.0721,7.89],[80.0742,7.8926],[80.0742,7.9084],[80.0723,7.9136],[80.0755,7.9158],[80.0895,7.9185],[80.0937,7.9214],[80.0928,7.9158],[80.0989,7.9143],[80.1011,7.9242],[80.1087,7.9293],[80.1086,7.9363],[80.1067,7.9407],[80.1109,7.9501],[80.1144,7.9507],[80.1222,7.9471],[80.1288,7.941],[80.1291,7.9386],[80.1326,7.9348],[80.1372,7.938],[80.1423,7.9374],[80.1484,7.9417],[80.1384,7.9579],[80.134,7.9602],[80.1332,7.965],[80.1362,7.9752],[80.1495,7.9974],[80.1437,8.0063],[80.1486,8.0183],[80.1458,8.0345],[80.1471,8.048],[80.1533,8.0662],[80.1498,8.0707],[80.1435,8.0749],[80.1285,8.0789],[80.1186,8.0933],[80.1153,8.096],[80.1144,8.1163],[80.1101,8.1315],[80.1098,8.1418],[80.1067,8.1521],[80.1019,8.1589],[80.1002,8.1671],[80.1058,8.1893],[80.1028,8.1923],[80.1019,8.1973],[80.0982,8.2022],[80.0967,8.2095],[80.0865,8.2107],[80.0795,8.2236],[80.067,8.2195],[80.0619,8.2198],[80.0531,8.2247],[80.0378,8.2379],[80.0323,8.234],[80.0276,8.227],[80.0178,8.2248],[80.0083,8.2297],[80.0001,8.2285],[79.9995,8.2384],[79.9957,8.2542],[79.9819,8.2773],[79.9841,8.2843],[79.9804,8.3008],[79.9781,8.3029],[79.9817,8.3076],[79.9757,8.3265],[79.9748,8.3371],[79.967,8.3503],[79.9646,8.3517],[79.9528,8.3694],[79.9523,8.3751],[79.955,8.3835],[79.9562,8.3943],[79.9618,8.398],[79.9681,8.3988],[79.9771,8.3975],[79.9811,8.4021],[79.9853,8.4121],[79.9905,8.4139],[79.992,8.4175],[79.9887,8.421],[79.9901,8.4232],[79.9963,8.4266],[80.0006,8.4339],[80.006,8.4342],[80.0075,8.439],[80.0152,8.4407],[80.0173,8.4446],[80.0197,8.445],[80.0205,8.4505],[80.0319,8.4653],[80.0428,8.4934],[80.0428,8.5],[80.0324,8.5272],[80.0228,8.5326],[80.008,8.5357],[80.0061,8.5402],[80.0009,8.5445],[79.9959,8.5443],[79.9919,8.5419],[79.9903,8.5426],[79.9776,8.5529],[79.9651,8.5501],[79.9566,8.5526],[79.949,8.5593],[79.9429,8.5565],[79.9376,8.556],[79.9275,8.5645],[79.9198,8.5673]]],[[[79.8009,8.3407],[79.8065,8.3198],[79.8089,8.3176],[79.8113,8.3181],[79.8144,8.3202],[79.8137,8.3212],[79.8087,8.3217],[79.8067,8.3244],[79.8108,8.3288],[79.8108,8.3319],[79.8129,8.3331],[79.8072,8.3334],[79.8043,8.3363],[79.8115,8.3378],[79.8082,8.3388],[79.8033,8.338],[79.8009,8.3407]]],[[[79.7979,8.4518],[79.8035,8.4489],[79.8066,8.4493],[79.7965,8.4536],[79.7904,8.4628],[79.7898,8.4663],[79.7919,8.47],[79.7857,8.4723],[79.7825,8.4806],[79.783,8.4867],[79.7799,8.4928],[79.782,8.4954],[79.7813,8.4985],[79.7839,8.5026],[79.7838,8.5086],[79.7874,8.5101],[79.7862,8.51],[79.786,8.515],[79.789,8.5249],[79.7875,8.5259],[79.7857,8.5335],[79.7865,8.52],[79.7783,8.5045],[79.7777,8.4979],[79.7796,8.4877],[79.7876,8.4667],[79.792,8.4594],[79.7979,8.4518]]]]}},{"type":"Feature","properties":{"district":"ratnapura","district_name":"Ratnapura"},"geometry":{"type":"Polygon","coordinates":[[[80.4953,6.3676],[80.5031,6.3674],[80.5088,6.3708],[80.5133,6.3697],[80.528,6.3743],[80.5337,6.3743],[80.5338,6.3882],[80.5352,6.3895],[80.5447,6.3891],[80.5452,6.3946],[80.5496,6.3961],[80.5521,6.3948],[80.5528,6.3911],[80.5549,6.3895],[80.5653,6.3943],[80.5712,6.3941],[80.5788,6.3906],[80.5827,6.3934],[80.597,6.3975],[80.6025,6.3961],[80.6109,6.3966],[80.6143,6.395],[80.6188,6.3963],[80.6207,6.3934],[80.6201,6.3867],[80.6166,6.3838],[80.6156,6.3811],[80.6175,6.3711],[80.6096,6.3658],[80.6065,6.3597],[80.6112,6.3459],[80.6128,6.3452],[80.6168,6.3477],[80.6254,6.3488],[80.6314,6.3515],[80.6613,6.3538],[80.6634,6.3398],[80.6598,6.3396],[80.6572,6.3372],[80.6594,6.3356],[80.6602,6.3329],[80.6628,6.3319],[80.6645,6.3273],[80.6708,6.327],[80.6752,6.3218],[80.6745,6.3204],[80.6717,6.3207],[80.6697,6.3187],[80.6701,6.306],[80.6743,6.3052],[80.6953,6.3083],[80.704,6.3065],[80.7084,6.3045],[80.7118,6.3008],[80.722,6.3],[80.7276,6.297],[80.7324,6.2966],[80.7411,6.2896],[80.756,6.284],[80.7598,6.2811],[80.771,6.2796],[80.7753,6.2769],[80.7831,6.2748],[80.7871,6.27],[80.798,6.2671],[80.8246,6.2654],[80.8316,6.2691],[80.8456,6.2692],[80.8532,6.272],[80.8579,6.272],[80.8692,6.2667],[80.882,6.2463],[80.8835,6.2457],[80.8926,6.2491],[80.8975,6.2448],[80.9104,6.2381],[80.9311,6.2401],[80.934,6.2363],[80.9348,6.2317],[80.9397,6.2279],[80.9459,6.2362],[80.9505,6.2348],[80.9532,6.2371],[80.9531,6.2388],[80.9477,6.2451],[80.9469,6.253],[80.9417,6.2593],[80.9413,6.2706],[80.9392,6.2723],[80.9341,6.2729],[80.9333,6.2758],[80.9344,6.2805],[80.9311,6.2883],[80.9265,6.294],[80.9214,6.2965],[80.9128,6.3146],[80.9066,6.322],[80.906,6.3274],[80.9093,6.3326],[80.9024,6.3374],[80.903,6.3439],[80.897,6.3493],[80.8733,6.3562],[80.8668,6.3558],[80.8654,6.357],[80.8625,6.3697],[80.8555,6.3741],[80.8532,6.3836],[80.8472,6.3862],[80.846,6.3927],[80.8388,6.4017],[80.8401,6.4044],[80.8433,6.4041],[80.8444,6.407],[80.8427,6.4169],[80.8386,6.4221],[80.8379,6.427],[80.8428,6.4339],[80.8425,6.4355],[80.8362,6.4405],[80.8372,6.4418],[80.8403,6.4416],[80.8393,6.4493],[80.8431,6.4561],[80.8387,6.4607],[80.8379,6.4659],[80.8324,6.4757],[80.8306,6.4883],[80.8278,6.4901],[80.8322,6.499],[80.8329,6.5038],[80.8394,6.5131],[80.8394,6.5164],[80.8487,6.5284],[80.8536,6.5318],[80.8636,6.5497],[80.8635,6.5563],[80.8608,6.5604],[80.867,6.574],[80.8661,6.5794],[80.8725,6.5819],[80.8693,6.5869],[80.8704,6.5905],[80.8696,6.5928],[80.871,6.5937],[80.8755,6.5926],[80.8766,6.5939],[80.8757,6.6014],[80.8786,6.6062],[80.8756,6.6106],[80.8812,6.6133],[80.8852,6.6182],[80.8905,6.6314],[80.8983,6.6374],[80.9019,6.6372],[80.9036,6.639],[80.9054,6.6465],[80.9037,6.6506],[80.9074,6.6548],[80.9071,6.6585],[80.9121,6.6669],[80.9127,6.6718],[80.928,6.6876],[80.9204,6.6909],[80.9169,6.6949],[80.915,6.6948],[80.9134,6.6921],[80.9154,6.6887],[80.9129,6.6847],[80.9089,6.6835],[80.9079,6.6785],[80.9,6.6757],[80.8907,6.6756],[80.887,6.666],[80.8808,6.6638],[80.8718,6.6637],[80.8666,6.662],[80.8636,6.6656],[80.8574,6.6575],[80.8506,6.6613],[80.8476,6.6666],[80.8363,6.6668],[80.8297,6.6696],[80.8255,6.6896],[80.8122,6.6978],[80.8111,6.7003],[80.8118,6.7036],[80.8128,6.7053],[80.8211,6.7087],[80.8324,6.7119],[80.8336,6.7142],[80.8379,6.7143],[80.8425,6.7187],[80.8549,6.7194],[80.8503,6.7301],[80.8549,6.7319],[80.8583,6.7364],[80.8579,6.7415],[80.8545,6.7464],[80.839,6.7442],[80.8347,6.7455],[80.827,6.7617],[80.8115,6.7557],[80.8129,6.762],[80.8087,6.7726],[80.8126,6.7854],[80.8084,6.7919],[80.7936,6.7806],[80.7893,6.774],[80.7829,6.7745],[80.7745,6.7784],[80.7584,6.7678],[80.7529,6.7625],[80.7476,6.761],[80.7448,6.7583],[80.7367,6.7629],[80.7315,6.7634],[80.7215,6.7589],[80.7179,6.7602],[80.7127,6.7591],[80.7063,6.755],[80.6941,6.7592],[80.6649,6.7599],[80.6611,6.762],[80.6599,6.7612],[80.6593,6.7546],[80.6538,6.7512],[80.6437,6.7539],[80.6354,6.7534],[80.6151,6.7594],[80.6078,6.7588],[80.5843,6.7636],[80.5727,6.7639],[80.5599,6.7706],[80.555,6.7699],[80.5508,6.771],[80.5444,6.7756],[80.5383,6.7745],[80.5274,6.768],[80.5116,6.7768],[80.501,6.7786],[80.4942,6.7849],[80.4886,6.7966],[80.49,6.7996],[80.4958,6.8003],[80.4977,6.8063],[80.5023,6.8085],[80.5007,6.8114],[80.4976,6.8099],[80.4955,6.8106],[80.4921,6.8159],[80.4917,6.8199],[80.496,6.8317],[80.4878,6.8326],[80.4774,6.8309],[80.4583,6.8368],[80.4516,6.8331],[80.4421,6.836],[80.4404,6.8386],[80.4409,6.8418],[80.4348,6.8445],[80.432,6.8481],[80.43,6.8421],[80.424,6.8398],[80.4212,6.8454],[80.4146,6.8487],[80.4,6.8597],[80.3954,6.8555],[80.3907,6.8537],[80.3889,6.85],[80.3831,6.8496],[80.3796,6.8544],[80.3669,6.8516],[80.3622,6.8484],[80.3574,6.8497],[80.3562,6.8461],[80.348,6.8418],[80.3487,6.8346],[80.3424,6.8333],[80.3426,6.8311],[80.3405,6.8301],[80.3396,6.8326],[80.3375,6.8314],[80.3287,6.8363],[80.3248,6.8412],[80.3189,6.8553],[80.3108,6.8623],[80.3065,6.862],[80.3017,6.8584],[80.2972,6.8594],[80.2948,6.8551],[80.2906,6.8563],[80.2849,6.8555],[80.2849,6.8625],[80.2813,6.8658],[80.2827,6.8677],[80.2822,6.8701],[80.2688,6.8743],[80.2607,6.8892],[80.2583,6.8894],[80.2547,6.8925],[80.2508,6.9015],[80.2484,6.9014],[80.241,6.9075],[80.2356,6.9026],[80.2332,6.9031],[80.2306,6.9242],[80.2287,6.9255],[80.2265,6.9245],[80.224,6.9311],[80.2213,6.927],[80.2191,6.9261],[80.2192,6.9214],[80.2169,6.9211],[80.2161,6.9188],[80.2141,6.9176],[80.2117,6.9179],[80.2094,6.915],[80.2037,6.9126],[80.2005,6.9087],[80.1999,6.9037],[80.1946,6.9041],[80.1889,6.8995],[80.1901,6.8926],[80.1837,6.8865],[80.1803,6.868],[80.175,6.8599],[80.1773,6.8575],[80.1915,6.854],[80.1942,6.8515],[80.1983,6.8422],[80.1992,6.8355],[80.2022,6.8317],[80.2021,6.8194],[80.2001,6.8159],[80.1969,6.8145],[80.189,6.815],[80.1872,6.8188],[80.1852,6.8157],[80.1811,6.8142],[80.1785,6.8166],[80.1777,6.8158],[80.1767,6.8121],[80.1809,6.7967],[80.186,6.7924],[80.1866,6.7876],[80.1901,6.7856],[80.1921,6.7818],[80.1896,6.7721],[80.1925,6.761],[80.2041,6.7386],[80.2054,6.7305],[80.1993,6.7314],[80.1987,6.7273],[80.2014,6.7264],[80.204,6.7226],[80.2028,6.7205],[80.2076,6.7133],[80.2158,6.6919],[80.2207,6.6904],[80.229,6.6779],[80.2417,6.6703],[80.2433,6.6652],[80.2455,6.6643],[80.2494,6.6586],[80.2498,6.6546],[80.2516,6.6538],[80.2517,6.6486],[80.2516,6.6459],[80.2489,6.6423],[80.2495,6.637],[80.2537,6.6315],[80.255,6.627],[80.2608,6.6226],[80.272,6.6197],[80.2747,6.6178],[80.2825,6.6179],[80.2935,6.6039],[80.2982,6.6003],[80.2979,6.599],[80.3032,6.5959],[80.3065,6.5859],[80.3146,6.5712],[80.2984,6.5666],[80.2953,6.5641],[80.2955,6.5613],[80.3046,6.5468],[80.3045,6.5392],[80.313,6.5342],[80.3276,6.5121],[80.3381,6.4931],[80.3563,6.4689],[80.3613,6.4587],[80.3803,6.4342],[80.3793,6.4283],[80.3813,6.4256],[80.3859,6.4203],[80.3951,6.4136],[80.4001,6.4077],[80.4191,6.3924],[80.4315,6.3893],[80.4367,6.3938],[80.4405,6.3947],[80.4513,6.3877],[80.457,6.388],[80.4625,6.3856],[80.4652,6.386],[80.4721,6.3782],[80.474,6.38],[80.4777,6.3795],[80.4813,6.381],[80.491,6.3801],[80.4939,6.3777],[80.4953,6.3676]]]}},{"type":"Feature","properties":{"district":"trincomalee","district_name":"Trincomalee"},"geometry":{"type":"Polygon","coordinates":[[[80.7658,8.937],[80.7621,8.9361],[80.7561,8.919],[80.7555,8.91],[80.753,8.9051],[80.781,8.9167],[80.783,8.9202],[80.8123,8.9153],[80.826,8.9056],[80.8329,8.9031],[80.8407,8.8949],[80.8535,8.887],[80.8715,8.8821],[80.8873,8.8694],[80.8911,8.8575],[80.8966,8.8535],[80.9019,8.8441],[80.9089,8.8365],[80.9126,8.8369],[80.9125,8.8279],[80.9109,8.8236],[80.9066,8.8212],[80.9037,8.8171],[80.901,8.8164],[80.8992,8.8119],[80.896,8.8097],[80.8929,8.8041],[80.8924,8.7994],[80.8831,8.7886],[80.884,8.7861],[80.8821,8.7827],[80.8821,8.7739],[80.8796,8.7685],[80.8788,8.7527],[80.8822,8.7469],[80.885,8.7468],[80.8906,8.7434],[80.8933,8.7322],[80.8916,8.73],[80.8914,8.7225],[80.8945,8.7158],[80.8993,8.7121],[80.9053,8.6985],[80.9116,8.6892],[80.9134,8.681],[80.9123,8.6764],[80.9137,8.6734],[80.9101,8.6703],[80.9088,8.667],[80.9019,8.6646],[80.9,8.6625],[80.9006,8.6589],[80.8971,8.653],[80.897,8.6501],[80.8934,8.6461],[80.8917,8.6367],[80.8971,8.6315],[80.8965,8.6267],[80.8939,8.6219],[80.896,8.6181],[80.9065,8.6126],[80.9159,8.6051],[80.9147,8.5984],[80.9171,8.5848],[80.944,8.5518],[80.9468,8.5357],[80.9448,8.5243],[80.9472,8.5075],[80.9514,8.5033],[80.9633,8.4986],[80.9651,8.4925],[80.9633,8.4857],[80.9863,8.4847],[80.9909,8.4748],[80.989,8.471],[80.9829,8.4681],[80.9796,8.4672],[80.9752,8.4692],[80.9717,8.4686],[80.9711,8.4657],[80.9726,8.4601],[80.9629,8.4538],[80.9538,8.4392],[80.9525,8.4331],[80.946,8.4181],[80.9414,8.3978],[80.9378,8.3923],[80.9332,8.3896],[80.9318,8.3822],[80.9273,8.3735],[80.9265,8.3659],[80.9292,8.358],[80.9241,8.3414],[80.9242,8.3369],[80.9308,8.3451],[80.9408,8.3425],[80.9521,8.3229],[80.9553,8.3245],[80.9623,8.3237],[80.9652,8.3219],[80.965,8.3202],[80.9674,8.3179],[80.9801,8.3125],[80.9818,8.3095],[80.987,8.2777],[80.9888,8.2731],[80.999,8.2727],[81.0174,8.279],[81.026,8.2769],[81.0363,8.2789],[81.0462,8.2758],[81.0501,8.2722],[81.0553,8.273],[81.0656,8.2707],[81.0776,8.2716],[81.0901,8.2622],[81.0984,8.2604],[81.1056,8.256],[81.1108,8.2599],[81.1185,8.259],[81.1241,8.263],[81.1324,8.2621],[81.1364,8.2593],[81.1394,8.2609],[81.1493,8.2516],[81.159,8.2395],[81.1662,8.2346],[81.1727,8.2353],[81.1773,8.2306],[81.1869,8.2274],[81.1962,8.232],[81.1994,8.2314],[81.2044,8.2269],[81.2037,8.2218],[81.2062,8.2156],[81.205,8.2069],[81.2015,8.1971],[81.2041,8.1925],[81.2045,8.184],[81.2074,8.1824],[81.2106,8.1833],[81.2133,8.1813],[81.2134,8.1795],[81.2069,8.163],[81.2033,8.1608],[81.1973,8.1601],[81.1961,8.1571],[81.1921,8.1543],[81.193,8.1512],[81.2048,8.1503],[81.208,8.1488],[81.2174,8.1547],[81.222,8.1539],[81.2291,8.1576],[81.2315,8.1553],[81.2326,8.1565],[81.2342,8.161],[81.233,8.164],[81.2355,8.1686],[81.2339,8.1691],[81.2345,8.1741],[81.2369,8.1785],[81.2429,8.1791],[81.2424,8.1823],[81.2389,8.1861],[81.2376,8.1943],[81.2398,8.1967],[81.2431,8.1964],[81.2448,8.201],[81.2487,8.2041],[81.2514,8.21],[81.2521,8.2164],[81.2498,8.2227],[81.2503,8.2261],[81.2547,8.2244],[81.2564,8.2251],[81.2578,8.226],[81.2575,8.231],[81.2587,8.2321],[81.2634,8.2312],[81.2661,8.2353],[81.269,8.2348],[81.2701,8.2379],[81.2693,8.2393],[81.266,8.2394],[81.2658,8.241],[81.2685,8.2425],[81.271,8.2404],[81.2726,8.2412],[81.2725,8.2459],[81.2734,8.2474],[81.28,8.2498],[81.2824,8.2574],[81.2859,8.2571],[81.2881,8.2611],[81.2982,8.255],[81.3116,8.252],[81.3231,8.2616],[81.3303,8.2657],[81.3356,8.2639],[81.3429,8.264],[81.3473,8.2647],[81.3538,8.2693],[81.3587,8.2649],[81.3561,8.2631],[81.3549,8.2593],[81.3557,8.2573],[81.359,8.2577],[81.3611,8.2559],[81.3643,8.258],[81.3691,8.2564],[81.3709,8.2539],[81.3875,8.2532],[81.3939,8.2488],[81.4078,8.2485],[81.4004,8.2859],[81.3956,8.3024],[81.3956,8.313],[81.394,8.3123],[81.389,8.3277],[81.3885,8.3478],[81.3895,8.3527],[81.3933,8.3592],[81.387,8.3641],[81.3815,8.377],[81.3732,8.4069],[81.3619,8.458],[81.353,8.4857],[81.3538,8.4947],[81.3526,8.4969],[81.3489,8.4982],[81.3482,8.5015],[81.3454,8.5037],[81.3398,8.5054],[81.3379,8.5086],[81.3286,8.5159],[81.322,8.5245],[81.3171,8.5249],[81.3135,8.5198],[81.313,8.5152],[81.3025,8.5094],[81.2926,8.5074],[81.2805,8.5071],[81.2833,8.5009],[81.2838,8.4926],[81.2862,8.4913],[81.2881,8.4866],[81.2852,8.4751],[81.2786,8.4669],[81.2787,8.4652],[81.2599,8.4634],[81.2535,8.4603],[81.2523,8.4608],[81.2534,8.462],[81.2441,8.4619],[81.2454,8.4602],[81.2495,8.4596],[81.2446,8.4598],[81.2447,8.4562],[81.2422,8.4604],[81.2436,8.4563],[81.242,8.4565],[81.2422,8.4583],[81.2402,8.4582],[81.2378,8.4541],[81.2374,8.4571],[81.2385,8.456],[81.2409,8.461],[81.2433,8.4608],[81.2431,8.4619],[81.2331,8.4633],[81.2308,8.4597],[81.2275,8.4618],[81.2227,8.4607],[81.2036,8.4692],[81.2026,8.4727],[81.1976,8.478],[81.194,8.4857],[81.1911,8.5056],[81.1809,8.5086],[81.1781,8.5119],[81.1774,8.5106],[81.1708,8.5137],[81.1583,8.5094],[81.1573,8.5076],[81.153,8.506],[81.1497,8.5072],[81.149,8.5021],[81.1453,8.4969],[81.1456,8.4945],[81.1389,8.4886],[81.1358,8.4882],[81.1259,8.4962],[81.1224,8.5025],[81.1214,8.5086],[81.1267,8.511],[81.1339,8.5118],[81.1375,8.5193],[81.143,8.5228],[81.1496,8.5317],[81.1478,8.5337],[81.149,8.5374],[81.1523,8.5395],[81.1549,8.5451],[81.1586,8.5445],[81.1607,8.542],[81.167,8.5389],[81.1729,8.5318],[81.1743,8.5316],[81.1776,8.5257],[81.1815,8.5323],[81.1797,8.5341],[81.1798,8.5362],[81.1825,8.5375],[81.1868,8.5342],[81.1894,8.5312],[81.1879,8.5294],[81.1877,8.5252],[81.1857,8.5235],[81.1872,8.5167],[81.1858,8.513],[81.188,8.512],[81.1902,8.5132],[81.1924,8.5086],[81.1956,8.5082],[81.1972,8.5059],[81.1988,8.5059],[81.2066,8.5101],[81.2112,8.5083],[81.2128,8.5092],[81.21,8.5138],[81.2109,8.517],[81.2074,8.5194],[81.2091,8.5249],[81.2052,8.5274],[81.2141,8.5312],[81.2012,8.5296],[81.2012,8.5349],[81.2041,8.5338],[81.2055,8.5355],[81.2021,8.5394],[81.201,8.5369],[81.1991,8.5373],[81.1986,8.5394],[81.1994,8.5415],[81.202,8.5407],[81.2029,8.5425],[81.1987,8.5457],[81.1978,8.5442],[81.1925,8.5434],[81.1917,8.5443],[81.1917,8.5455],[81.1941,8.5461],[81.1941,8.5491],[81.2003,8.5524],[81.2042,8.5527],[81.2062,8.5548],[81.2054,8.5562],[81.1981,8.5544],[81.1962,8.5553],[81.193,8.5537],[81.1918,8.5565],[81.194,8.5593],[81.1916,8.561],[81.1916,8.5628],[81.1965,8.5661],[81.1984,8.5618],[81.2003,8.5632],[81.1969,8.5661],[81.1991,8.5697],[81.1933,8.5686],[81.1923,8.5715],[81.1943,8.5741],[81.1988,8.5731],[81.1983,8.5775],[81.2003,8.5791],[81.2014,8.5753],[81.2032,8.5766],[81.2046,8.5755],[81.2032,8.573],[81.2051,8.5728],[81.2029,8.5682],[81.2067,8.5706],[81.2161,8.5818],[81.2199,8.5842],[81.2218,8.5816],[81.2152,8.5742],[81.2108,8.5719],[81.211,8.5695],[81.2075,8.5653],[81.2115,8.5668],[81.2126,8.5687],[81.2168,8.5695],[81.2244,8.5759],[81.2277,8.5735],[81.2294,8.5683],[81.2336,8.5645],[81.2346,8.5612],[81.2313,8.5575],[81.2312,8.5553],[81.2218,8.5444],[81.2223,8.5429],[81.2321,8.5476],[81.2326,8.5459],[81.2297,8.5444],[81.2266,8.5395],[81.2273,8.5357],[81.2322,8.5361],[81.2333,8.5389],[81.2398,8.5434],[81.2448,8.5444],[81.2463,8.5485],[81.2447,8.5506],[81.246,8.5528],[81.2443,8.5569],[81.2469,8.5599],[81.2432,8.5611],[81.2438,8.5647],[81.2401,8.5653],[81.2388,8.5712],[81.2402,8.5744],[81.245,8.5759],[81.246,8.5826],[81.2447,8.583],[81.2405,8.5763],[81.2328,8.5804],[81.2247,8.5938],[81.2196,8.6112],[81.2196,8.6203],[81.2269,8.6287],[81.2233,8.6386],[81.2235,8.6434],[81.2258,8.6477],[81.2255,8.6532],[81.2227,8.6578],[81.2169,8.6612],[81.2151,8.6659],[81.2102,8.6692],[81.2052,8.6754],[81.1887,8.7095],[81.179,8.724],[81.1761,8.7338],[81.1694,8.7365],[81.1608,8.7451],[81.153,8.7562],[81.1475,8.7665],[81.1484,8.7677],[81.1463,8.7665],[81.143,8.7674],[81.135,8.7749],[81.1221,8.7908],[81.1206,8.7905],[81.102,8.8207],[81.1,8.8208],[81.0926,8.8339],[81.0886,8.8517],[81.0848,8.8548],[81.0859,8.8605],[81.0842,8.8588],[81.0814,8.8588],[81.0782,8.8622],[81.0802,8.8678],[81.0792,8.8683],[81.0732,8.8605],[81.0699,8.8602],[81.0701,8.8582],[81.0679,8.8573],[81.0572,8.8629],[81.0476,8.8724],[81.0301,8.8921],[81.0176,8.9172],[81.016,8.9175],[81.0129,8.9287],[81.0097,8.9321],[81.0074,8.9375],[81.0028,8.9358],[80.9966,8.9419],[80.9865,8.9587],[80.9772,8.9696],[80.9685,8.9833],[80.9659,8.9848],[80.9599,8.9765],[80.9592,8.9711],[80.965,8.9586],[80.965,8.9535],[80.9633,8.9496],[80.9582,8.9477],[80.9535,8.9516],[80.9401,8.9416],[80.94,8.9397],[80.9456,8.9402],[80.9472,8.938],[80.9453,8.9306],[80.941,8.9282],[80.9372,8.9289],[80.936,8.9318],[80.9321,8.934],[80.9316,8.9374],[80.9283,8.9358],[80.9274,8.9306],[80.9249,8.9287],[80.923,8.9343],[80.9218,8.9346],[80.9228,8.9374],[80.9156,8.9357],[80.9152,8.9389],[80.9139,8.9372],[80.9116,8.9511],[80.9053,8.948],[80.9073,8.9545],[80.9099,8.9567],[80.9053,8.9613],[80.9068,8.963],[80.9061,8.9682],[80.9108,8.9706],[80.9139,8.9667],[80.9204,8.9679],[80.9264,8.964],[80.9307,8.9711],[80.9245,8.9704],[80.918,8.9752],[80.9163,8.9786],[80.9267,8.9886],[80.9269,8.9921],[80.9224,8.9899],[80.9203,8.9863],[80.9172,8.9846],[80.9075,8.9864],[80.9061,8.9846],[80.9018,8.9849],[80.9008,8.9833],[80.9022,8.981],[80.9001,8.9787],[80.8986,8.981],[80.8962,8.9804],[80.8964,8.9815],[80.8896,8.9812],[80.8878,8.9785],[80.8871,8.9729],[80.8831,8.9692],[80.8742,8.9684],[80.8739,8.9642],[80.8692,8.9623],[80.8697,8.9595],[80.8599,8.9579],[80.8496,8.9612],[80.8334,8.9605],[80.8291,8.9584],[80.8276,8.9555],[80.8035,8.9522],[80.7996,8.9495],[80.7953,8.9487],[80.7896,8.95],[80.782,8.9468],[80.7755,8.9467],[80.7721,8.9447],[80.7713,8.9412],[80.7658,8.937]]]}},{"type":"Feature","properties":{"district":"vavuniya","district_name":"Vavuniya"},"geometry":{"type":"Polygon","coordinates":[[[80.2354,8.6804],[80.2364,8.6769],[80.2356,8.6681],[80.238,8.6634],[80.2349,8.6592],[80.2334,8.6521],[80.2374,8.6459],[80.2374,8.6405],[80.239,8.6373],[80.2372,8.6343],[80.2372,8.629],[80.2407,8.6289],[80.247,8.6183],[80.2499,8.6162],[80.2533,8.615],[80.2577,8.6181],[80.2597,8.618],[80.2719,8.6134],[80.2745,8.611],[80.2755,8.6077],[80.2739,8.6006],[80.2783,8.5903],[80.2818,8.5903],[80.2797,8.5846],[80.2847,8.5812],[80.2871,8.5717],[80.2855,8.5685],[80.2885,8.5606],[80.3075,8.5544],[80.3135,8.5507],[80.3265,8.5472],[80.3284,8.5479],[80.3323,8.5462],[80.336,8.5471],[80.3376,8.546],[80.3402,8.5477],[80.3404,8.5558],[80.3469,8.5673],[80.3518,8.5728],[80.3596,8.576],[80.3641,8.5741],[80.3696,8.575],[80.38,8.5838],[80.3815,8.5914],[80.3786,8.5976],[80.3827,8.6021],[80.3789,8.6113],[80.381,8.6218],[80.3855,8.6231],[80.3994,8.6341],[80.4056,8.645],[80.4105,8.6595],[80.4162,8.6622],[80.4198,8.661],[80.4219,8.662],[80.4246,8.6691],[80.4242,8.674],[80.4277,8.6731],[80.4444,8.6891],[80.4513,8.6925],[80.469,8.6849],[80.4816,8.6743],[80.4851,8.673],[80.487,8.6699],[80.4972,8.6663],[80.5067,8.6584],[80.5103,8.658],[80.5135,8.6599],[80.5197,8.6588],[80.5302,8.6728],[80.5367,8.6769],[80.5454,8.6797],[80.5507,8.6881],[80.57,8.7004],[80.5698,8.7087],[80.5736,8.7167],[80.5893,8.7221],[80.5941,8.7282],[80.6012,8.7444],[80.6185,8.7526],[80.6237,8.7668],[80.6339,8.7799],[80.6379,8.7831],[80.6476,8.7871],[80.6514,8.7904],[80.6531,8.7948],[80.6513,8.8034],[80.6372,8.8154],[80.6329,8.8231],[80.6309,8.8318],[80.6271,8.8371],[80.6238,8.839],[80.6108,8.84],[80.5996,8.843],[80.5923,8.8479],[80.5954,8.8697],[80.6363,8.8693],[80.646,8.868],[80.6675,8.8714],[80.677,8.8761],[80.6921,8.8893],[80.7075,8.8955],[80.7119,8.8985],[80.7159,8.8994],[80.726,8.898],[80.753,8.9051],[80.7555,8.91],[80.7561,8.919],[80.7621,8.9361],[80.7658,8.937],[80.787,9.0102],[80.7768,9.018],[80.7359,9.04],[80.7176,9.0515],[80.7018,9.0392],[80.6852,9.0308],[80.6772,9.0317],[80.6768,9.0414],[80.6863,9.0507],[80.6912,9.0632],[80.6916,9.0745],[80.6823,9.0831],[80.6723,9.0796],[80.6681,9.0747],[80.6633,9.0746],[80.6582,9.0773],[80.6521,9.0782],[80.6505,9.0874],[80.6516,9.0957],[80.6465,9.117],[80.6371,9.1204],[80.6342,9.1159],[80.6224,9.1239],[80.6167,9.1232],[80.6034,9.1263],[80.5817,9.126],[80.5855,9.1172],[80.5849,9.1108],[80.5599,9.1074],[80.53,9.0761],[80.5129,9.0766],[80.5131,9.0837],[80.5119,9.0848],[80.5123,9.0873],[80.5102,9.0936],[80.5044,9.0983],[80.5027,9.1044],[80.4998,9.1083],[80.4959,9.1105],[80.4943,9.1147],[80.4922,9.1154],[80.4912,9.1176],[80.404,9.1152],[80.4043,9.0908],[80.4262,9.0909],[80.4288,9.0541],[80.4338,9.03],[80.3909,8.9911],[80.3401,8.959],[80.3421,8.9576],[80.3497,8.9567],[80.3531,8.9522],[80.3577,8.9516],[80.3622,8.948],[80.3677,8.948],[80.3754,8.9427],[80.3759,8.9384],[80.3802,8.9364],[80.3861,8.9071],[80.4005,8.8758],[80.4025,8.8569],[80.3939,8.8491],[80.3713,8.84],[80.3649,8.8385],[80.3572,8.8392],[80.3438,8.8335],[80.3359,8.8317],[80.3175,8.8306],[80.2974,8.8203],[80.2297,8.8279],[80.2185,8.8107],[80.2073,8.7891],[80.198,8.7647],[80.1778,8.7746],[80.1787,8.7723],[80.176,8.7634],[80.17,8.7522],[80.1709,8.7488],[80.1854,8.7415],[80.1875,8.7365],[80.1942,8.7335],[80.1987,8.7272],[80.203,8.717],[80.2131,8.7091],[80.2158,8.7022],[80.2212,8.7007],[80.2255,8.6903],[80.2329,8.6851],[80.2354,8.6804]]]}}]}